SystemCustomerID,SystemLoanID,DisbursedDate,ClosedDate,LoanAmount,TermDays,InterestRate
121789435,301630411,2016-06-09 14:01:33 UTC,2017-09-27 11:53:22 UTC,10000.0,30,0.0
259817260,301621159,2016-05-16 11:02:42 UTC,2017-09-27 12:09:53 UTC,10000.0,30,0.0
305586600,301752434,2016-10-31 17:33:17 UTC,2017-09-27 10:09:00 UTC,10000.0,30,0.0
676304601,301708713,2016-09-07 19:51:12 UTC,2017-09-27 10:26:48 UTC,10000.0,30,0.0
557342420,301660991,2016-07-26 08:37:41 UTC,2017-09-27 11:19:15 UTC,10000.0,30,0.0
169855428,301655964,2016-07-19 20:07:08 UTC,2017-09-27 11:24:04 UTC,10000.0,30,0.0
026000014,301751426,2016-10-28 21:57:33 UTC,2017-09-27 12:54:33 UTC,20000.0,15,0.0
223299430,301674365,2016-08-09 11:20:41 UTC,2016-09-02 11:10:35 UTC,10000.0,30,0.0
466955110,301622490,2016-05-18 18:35:54 UTC,2016-06-19 00:02:27 UTC,10000.0,30,0.0
087034966,301709916,2016-09-08 19:58:17 UTC,2016-11-03 05:41:14 UTC,10000.0,30,0.0
980933022,301759196,2016-11-14 23:26:40 UTC,2016-11-18 13:25:29 UTC,10000.0,15,0.0
123724661,301753062,2016-11-02 16:45:39 UTC,2016-11-10 10:22:09 UTC,10000.0,15,0.0
967264824,301636107,2016-06-21 15:33:37 UTC,2016-07-05 10:56:51 UTC,10000.0,15,0.0
051877843,301740394,2016-10-09 16:32:05 UTC,2016-10-25 13:29:06 UTC,10000.0,30,0.0
716898210,301639725,2016-06-28 16:18:12 UTC,2017-09-27 08:43:15 UTC,10000.0,30,0.0
314764735,301752781,2016-11-01 10:14:47 UTC,2016-11-24 01:22:22 UTC,20000.0,30,0.0
536420647,301731971,2016-09-30 13:32:04 UTC,2016-11-15 16:34:29 UTC,30000.0,30,0.0
GH47590817,100009514,2017-12-25 17:53:50 UTC,2018-01-09 10:44:55 UTC,80.0,15,15.0
GH99013292,100003805,2017-11-26 18:31:48 UTC,2017-12-11 10:42:57 UTC,80.0,15,15.0
149954974,301803756593,2018-05-26 17:16:01 UTC,2018-08-25 00:41:15 UTC,22000.0,90,12.5
648403821,DYA679812422,2016-10-08 12:24:01 UTC,2017-11-07 23:25:31 UTC,3000.0,30,15.0
308403329,DYA596475685,2016-10-17 10:53:38 UTC,2017-11-07 14:20:54 UTC,3000.0,30,15.0
946897843,DYA643925490,2016-10-18 16:05:46 UTC,2017-11-07 12:54:50 UTC,3000.0,30,15.0
524285477,DYA170594447,2016-10-16 14:18:10 UTC,2017-11-07 15:57:14 UTC,3000.0,30,15.0
441183431,DYA953423553,2016-10-16 16:20:39 UTC,2017-11-07 15:43:23 UTC,3000.0,30,15.0
824977563,DYA649570851,2016-10-17 18:38:59 UTC,2017-11-07 14:06:02 UTC,3000.0,30,15.0
509489795,DYA284571570,2016-10-15 18:26:31 UTC,2017-11-07 16:25:17 UTC,3000.0,30,15.0
397723859,DYA305140780,2016-10-14 14:30:46 UTC,2017-11-07 22:02:43 UTC,3000.0,30,15.0
160463296,DYA475547199,2016-10-15 21:58:46 UTC,2017-11-07 17:57:27 UTC,3000.0,30,15.0
815510587,DYA852310642,2016-10-15 09:52:32 UTC,2016-12-12 06:43:40 UTC,3000.0,30,15.0
721422002,DYA513622481,2016-10-16 17:28:23 UTC,2016-12-01 21:56:53 UTC,3000.0,30,15.0
233745396,DYA487786058,2016-10-15 17:37:17 UTC,2017-11-07 18:29:11 UTC,3000.0,30,15.0
100355903,DYA615488342,2016-10-16 10:08:49 UTC,2017-11-07 15:06:45 UTC,3000.0,30,15.0
612740895,DYA944214596,2016-10-16 21:10:41 UTC,2017-11-07 15:21:33 UTC,3000.0,30,15.0
054065166,DYA049084216,2016-10-15 18:25:38 UTC,2017-11-07 20:41:34 UTC,3000.0,30,15.0
829949006,DYA690858989,2016-10-15 19:48:17 UTC,2017-11-07 16:34:36 UTC,3000.0,30,15.0
577052048,DYA391697660,2016-10-15 19:33:34 UTC,2017-11-07 17:24:17 UTC,3000.0,30,15.0
866299972,DYA719594415,2016-10-18 16:20:28 UTC,2017-11-07 13:10:51 UTC,3000.0,30,15.0
536515933,DYA450721813,2016-10-18 17:43:32 UTC,2017-11-07 13:21:03 UTC,3000.0,30,15.0
629838548,301847658,2017-03-27 16:20:14 UTC,2017-05-08 17:26:29 UTC,20000.0,30,9.0
693449349,301854396,2017-04-04 11:59:29 UTC,2017-05-17 22:10:02 UTC,20000.0,30,9.0
796975403,301778694,2016-12-22 07:19:05 UTC,2017-01-19 14:34:20 UTC,20000.0,30,9.0
186048928,301768331,2016-12-02 11:55:23 UTC,2017-01-01 15:44:26 UTC,20000.0,30,9.0
093139883,301787788,2017-01-05 16:04:42 UTC,2017-01-30 12:01:35 UTC,10000.0,15,5.0
763361307,301832436,2017-03-06 14:27:55 UTC,2017-04-12 21:25:53 UTC,10000.0,15,5.0
516487904,301865518,2017-04-12 09:39:31 UTC,2017-05-03 10:43:18 UTC,10000.0,15,5.0
131739847,301856552,2017-04-05 15:40:19 UTC,2017-04-14 12:59:54 UTC,10000.0,15,5.0
809650183,301833922,2017-03-08 12:52:04 UTC,2017-03-30 19:44:23 UTC,10000.0,30,10.0
263609168,301840430,2017-03-17 14:31:10 UTC,2017-04-18 08:48:42 UTC,10000.0,30,10.0
976911044,302020868,2017-08-08 14:25:20 UTC,2017-08-11 14:46:13 UTC,10000.0,15,10.0
992266268,302809606,2018-02-20 17:15:46 UTC,2018-03-12 08:34:48 UTC,10000.0,30,20.0
624709561,302925488,2018-03-17 10:29:54 UTC,2018-03-22 21:23:37 UTC,10000.0,30,20.0
388221050,303199344,2018-05-09 15:39:07 UTC,2018-06-01 19:42:09 UTC,10000.0,30,20.0
797502830,302121329287,2018-07-30 12:02:00 UTC,2018-08-18 18:52:56 UTC,10000.0,30,20.0
889466105,302773915344,2018-11-16 19:18:55 UTC,2018-12-03 07:22:22 UTC,10000.0,30,20.0
224366823,302486406636,2018-09-29 18:45:17 UTC,2018-12-03 14:03:15 UTC,20000.0,60,20.0
359696940,301857048607,2018-06-06 04:00:16 UTC,2018-07-10 11:00:23 UTC,20000.0,60,20.0
930795742,302099651223,2018-07-24 14:23:56 UTC,2018-09-26 07:00:57 UTC,20000.0,60,20.0
091969585,302446454258,2018-09-23 14:24:46 UTC,2018-11-23 20:04:10 UTC,20000.0,60,20.0
023283673,302604723,2018-01-08 07:29:40 UTC,2018-04-06 10:21:40 UTC,20000.0,60,20.0
371254945,302579775,2018-01-01 15:20:23 UTC,2018-02-28 07:42:44 UTC,20000.0,60,20.0
470680308,302455504,2017-12-03 06:56:35 UTC,2017-12-25 02:51:48 UTC,20000.0,60,20.0
644980642,302829971,2018-02-24 12:51:12 UTC,2018-04-20 23:26:37 UTC,20000.0,60,20.0
743573894,302137386812,2018-07-31 19:26:48 UTC,2018-08-06 15:17:59 UTC,12500.0,15,15.0
220531288,302146983,2017-09-25 19:30:57 UTC,2017-10-15 04:30:34 UTC,12500.0,15,15.0
295081445,302370786,2017-11-17 10:06:13 UTC,2017-11-23 13:01:39 UTC,12500.0,15,15.0
432460522,301854909303,2018-06-05 15:41:35 UTC,2018-06-20 18:47:26 UTC,12500.0,15,15.0
294667969,302787488,2018-02-15 23:56:03 UTC,2018-03-01 16:05:18 UTC,12500.0,15,15.0
351327700,301777822221,2018-05-21 18:18:10 UTC,2018-05-29 15:34:30 UTC,12500.0,15,15.0
134860928,302473662,2017-12-06 17:47:02 UTC,2017-12-14 21:18:29 UTC,12500.0,15,15.0
541501062,302500898523,2018-10-02 14:10:29 UTC,2018-10-17 09:18:57 UTC,12500.0,15,15.0
192418345,302461199,2017-12-04 12:26:29 UTC,2017-12-21 21:00:26 UTC,12500.0,15,15.0
018180789,302603551,2018-01-07 18:11:32 UTC,2018-01-15 08:26:04 UTC,12500.0,15,15.0
264253340,302981483,2018-03-27 18:09:40 UTC,2018-04-06 14:20:05 UTC,12500.0,15,15.0
172289766,302760272,2018-02-10 17:16:24 UTC,2018-07-27 13:53:22 UTC,12500.0,15,15.0
187888581,302203577,2017-10-10 10:50:25 UTC,2017-11-06 12:39:41 UTC,12500.0,30,30.0
316725193,302302295,2017-11-02 13:02:28 UTC,2017-12-12 23:07:35 UTC,12500.0,30,30.0
384982740,303093219,2018-04-20 13:04:25 UTC,2018-06-16 11:25:04 UTC,15000.0,60,12.5
697541701,302827517,2018-02-23 20:00:39 UTC,2018-07-27 11:37:43 UTC,25000.0,60,15.0
718805851,302536516,2017-12-20 12:52:31 UTC,2018-06-01 20:47:31 UTC,25000.0,60,15.0
836745002,302011299835,2018-07-06 17:02:41 UTC,2018-09-09 19:25:44 UTC,25000.0,60,15.0
596453667,301927584614,2018-06-19 12:39:37 UTC,2018-07-23 17:22:53 UTC,25000.0,60,15.0
422382272,302344218337,2018-09-06 10:16:12 UTC,2018-09-28 18:45:25 UTC,25000.0,60,15.0
387984581,302652720457,2018-10-27 10:23:51 UTC,2018-11-27 18:33:48 UTC,25000.0,60,15.0
200602888,302635975,2018-01-15 13:52:52 UTC,2018-03-14 00:33:09 UTC,25000.0,60,15.0
702757963,301899306420,2018-06-13 14:38:46 UTC,2018-08-25 11:14:28 UTC,25000.0,60,15.0
237681543,302683765,2018-01-24 16:22:10 UTC,2018-04-23 14:43:19 UTC,20000.0,90,12.5
600109840,302257123771,2018-08-23 09:46:11 UTC,2018-10-24 12:40:18 UTC,30000.0,60,12.5
984252880,302450688,2017-12-01 22:55:36 UTC,2018-01-25 20:32:58 UTC,30000.0,60,12.5
888074579,302571033,2017-12-29 19:08:57 UTC,2018-01-17 20:15:19 UTC,30000.0,60,12.5
173345970,201611909,2016-11-07 15:30:25 UTC,2017-02-14 00:22:24 UTC,200000.0,90,5.0
540758287,301782902490,2018-05-22 11:01:42 UTC,2018-11-30 13:28:23 UTC,200000.0,180,5.0
414934562,101602062,2016-06-14 08:46:28 UTC,2017-09-18 14:16:06 UTC,100000.0,360,5.0
344710805,101602078,2016-06-15 16:14:39 UTC,2017-08-26 03:57:03 UTC,100000.0,360,5.0
002177,101602994,2016-08-25 16:58:58 UTC,2018-09-06 12:32:32 UTC,100000.0,360,5.0
289684341,101704018,2017-11-13 14:36:54 UTC,2018-09-06 18:39:57 UTC,200000.0,360,5.0
497576093,302088225646,2018-07-22 08:03:49 UTC,2018-10-19 11:20:35 UTC,83000.0,180,5.0
754495736,301794291343,2018-05-24 17:08:13 UTC,2018-06-08 18:31:51 UTC,14500.0,30,12.5
697526200,302629625,2018-01-13 14:53:12 UTC,2018-07-27 15:04:05 UTC,16500.0,60,15.0
582968248,303165627,2018-05-04 07:23:04 UTC,2018-06-26 15:27:57 UTC,16500.0,60,15.0
600771840,302352876,2017-11-13 04:07:15 UTC,2017-12-08 15:42:32 UTC,16500.0,60,15.0
972655845,302582791,2018-01-02 14:33:12 UTC,2018-03-21 18:33:53 UTC,16500.0,60,15.0
756783599,301924332,2017-06-01 20:40:49 UTC,2017-07-01 16:17:00 UTC,35000.0,60,10.0
308226655,801600028,2016-01-08 09:51:08 UTC,2018-10-19 17:03:05 UTC,100000.0,180,5.35
771994263,801501045,2015-06-26 15:46:16 UTC,2015-12-16 16:57:03 UTC,100000.0,180,5.35
626813490,302855969,2018-03-01 09:54:15 UTC,2018-03-24 11:07:59 UTC,30000.0,90,7.5
057485713,303002786,2018-04-01 14:29:10 UTC,2018-06-01 08:12:59 UTC,45000.0,90,10.0
774471663,302617340,2018-01-10 17:09:33 UTC,2018-01-18 11:14:57 UTC,7000.0,15,15.0
781424108,302123779019,2018-07-28 22:26:58 UTC,2018-08-06 16:13:00 UTC,7000.0,15,15.0
094394451,302830501,2018-02-24 15:01:25 UTC,2018-05-28 18:57:22 UTC,7000.0,15,15.0
388092479,302003842853,2018-07-05 10:21:18 UTC,2018-07-22 11:18:33 UTC,7000.0,30,15.0
295385897,302825048,2018-02-23 14:08:38 UTC,2018-02-28 15:36:57 UTC,7000.0,15,15.0
118874765,302528918,2017-12-18 21:32:57 UTC,2018-01-29 22:16:47 UTC,7000.0,15,15.0
446803036,301958883386,2018-06-26 09:15:48 UTC,2018-07-11 18:48:57 UTC,7000.0,15,15.0
009333101,302239480,2017-10-18 20:53:28 UTC,2017-11-03 09:14:51 UTC,7000.0,15,15.0
683455535,302346593,2017-11-11 11:22:04 UTC,2017-11-26 11:00:01 UTC,7000.0,15,15.0
053481193,302382659,2017-11-18 17:17:39 UTC,2017-12-01 18:04:45 UTC,7000.0,30,30.0
202261755,302961462,2018-03-23 09:49:57 UTC,2018-04-05 18:40:20 UTC,7000.0,30,30.0
381921407,302728213,2018-02-03 10:22:02 UTC,2018-03-27 17:32:09 UTC,7000.0,30,30.0
754462069,302356859,2017-11-15 13:08:58 UTC,2018-02-10 10:36:34 UTC,7000.0,30,30.0
296074430,302586895,2018-01-03 17:30:51 UTC,2018-01-19 17:46:58 UTC,7000.0,30,30.0
726336862,302748208,2018-02-07 21:05:35 UTC,2018-04-05 22:17:54 UTC,25000.0,60,12.5
223067904,302871913,2018-03-03 21:36:35 UTC,2018-05-31 06:52:27 UTC,48500.0,90,10.0
011877619,302801252,2018-02-19 07:21:53 UTC,2018-03-02 20:45:22 UTC,10000.0,15,15.0
009325905,302595690,2018-01-05 15:48:43 UTC,2018-03-09 18:38:13 UTC,10000.0,15,15.0
642637579,302087782,2017-09-08 17:32:51 UTC,2017-09-17 22:38:43 UTC,10000.0,15,15.0
221893666,301921723,2017-05-30 19:26:33 UTC,2017-06-08 19:36:02 UTC,10000.0,15,15.0
434295440,302783841,2018-02-15 10:32:55 UTC,2018-03-07 00:57:01 UTC,10000.0,15,15.0
481943382,302607268,2018-01-08 15:03:16 UTC,2018-01-17 10:40:27 UTC,10000.0,15,15.0
415095223,302271256440,2018-08-25 00:00:00 UTC,2018-09-09 19:45:03 UTC,10000.0,15,15.0
592794787,302119224,2017-09-17 14:39:14 UTC,2017-10-05 23:24:38 UTC,10000.0,15,15.0
990708173,302361532,2017-11-14 16:21:41 UTC,2017-11-30 11:27:11 UTC,10000.0,15,15.0
401726223,301923095,2017-05-31 16:20:30 UTC,2017-06-13 16:42:38 UTC,10000.0,15,15.0
937246250,302390006,2017-11-20 15:20:15 UTC,2018-01-25 05:12:31 UTC,10000.0,15,15.0
102055811,302486724,2017-12-09 07:26:38 UTC,2017-12-19 06:57:31 UTC,10000.0,15,15.0
802749270,302486061,2017-12-08 21:41:29 UTC,2017-12-25 08:30:38 UTC,10000.0,15,15.0
035441347,302040479,2017-08-18 13:06:49 UTC,2017-08-29 14:09:23 UTC,10000.0,15,15.0
233084892,302619217,2018-01-11 08:04:04 UTC,2018-02-10 00:30:35 UTC,10000.0,30,15.0
203008840,302265451,2017-10-24 16:05:32 UTC,2017-11-02 13:59:32 UTC,10000.0,15,15.0
733919119,303059370,2018-04-13 17:17:32 UTC,2018-04-30 19:50:28 UTC,10000.0,15,15.0
926561457,302261896618,2018-08-23 19:33:44 UTC,2018-09-07 14:15:01 UTC,10000.0,15,15.0
739900504,302027605,2017-08-14 12:15:44 UTC,2017-08-28 08:48:25 UTC,10000.0,15,15.0
523440873,302339327,2017-11-09 21:28:28 UTC,2017-12-12 14:17:06 UTC,10000.0,15,15.0
580467910,302852469,2018-02-28 16:15:16 UTC,2018-03-13 14:47:35 UTC,10000.0,15,15.0
990169191,301818934701,2018-05-31 11:11:23 UTC,2018-06-12 10:36:24 UTC,10000.0,15,15.0
967903549,302194789,2017-10-09 16:02:04 UTC,2017-10-20 12:40:55 UTC,10000.0,15,15.0
447521430,301943951,2017-06-20 05:25:30 UTC,2017-07-04 18:09:47 UTC,10000.0,15,15.0
269937548,302116897,2017-09-16 03:45:11 UTC,2018-02-28 22:24:29 UTC,10000.0,30,30.0
632198254,302547486,2017-12-23 16:02:03 UTC,2018-06-01 20:55:38 UTC,10000.0,30,30.0
810761582,301726691597,2018-05-11 15:48:33 UTC,2018-09-28 17:46:27 UTC,10000.0,30,30.0
145178782,302103204,2017-09-13 09:17:53 UTC,2018-02-28 20:07:03 UTC,10000.0,30,30.0
534083465,302039822,2017-08-18 14:18:02 UTC,2018-02-28 20:02:39 UTC,10000.0,30,30.0
813622158,301868783560,2018-06-08 14:37:13 UTC,2018-10-12 17:27:46 UTC,10000.0,30,30.0
334966803,302592498226,2018-10-17 16:02:55 UTC,2018-10-31 08:23:17 UTC,10000.0,30,30.0
298607238,302321340,2017-11-06 13:04:53 UTC,2017-11-29 08:12:05 UTC,10000.0,30,30.0
148353319,301988383,2017-07-20 22:08:52 UTC,2017-08-30 19:23:16 UTC,10000.0,30,30.0
372246337,302555653,2017-12-25 18:41:53 UTC,2018-01-22 21:46:11 UTC,10000.0,30,30.0
582156403,302364786527,2018-09-09 23:00:21 UTC,2018-11-02 02:55:16 UTC,10000.0,30,30.0
346810572,302380435,2017-11-18 08:52:54 UTC,2017-12-15 12:23:08 UTC,10000.0,30,30.0
805418324,302053404,2017-08-24 23:50:16 UTC,2017-08-25 00:30:20 UTC,10000.0,30,30.0
794422074,302202280927,2018-08-13 06:26:37 UTC,2018-09-02 10:01:22 UTC,10000.0,30,30.0
060284610,302022130,2017-08-09 09:41:46 UTC,2017-09-03 07:50:59 UTC,10000.0,30,30.0
874857642,302379809,2017-11-18 05:53:11 UTC,2017-12-15 16:14:41 UTC,10000.0,30,30.0
281769187,301953093,2017-06-27 09:07:40 UTC,2017-07-29 11:32:16 UTC,10000.0,30,30.0
131826893,302002547,2017-07-29 19:02:35 UTC,2017-09-22 15:10:28 UTC,10000.0,30,30.0
341220130,302124371,2017-09-18 13:16:32 UTC,2018-01-21 18:38:45 UTC,10000.0,30,30.0
422951337,302163720082,2018-08-05 18:48:52 UTC,2018-08-19 19:50:34 UTC,10000.0,30,30.0
553862172,302780104,2018-02-14 14:20:12 UTC,2018-03-08 10:44:02 UTC,10000.0,30,30.0
420787905,303134323,2018-04-28 10:57:28 UTC,2018-05-24 22:57:07 UTC,10000.0,30,30.0
612371942,302854916,2018-03-01 05:31:31 UTC,2018-03-31 07:30:50 UTC,10000.0,30,30.0
573223298,302730204,2018-02-03 19:17:24 UTC,2018-03-02 19:50:33 UTC,10000.0,30,30.0
689033348,302595125464,2018-10-18 17:00:05 UTC,2018-11-30 18:16:16 UTC,10000.0,30,30.0
693840995,302149755802,2018-08-03 22:01:50 UTC,2018-09-14 18:42:01 UTC,10000.0,30,30.0
803664916,302709444,2018-01-30 09:09:42 UTC,2018-02-23 17:46:32 UTC,10000.0,30,30.0
125066123,302147505,2017-09-25 16:28:02 UTC,2017-10-24 17:18:25 UTC,10000.0,30,30.0
259287006,302013565,2017-08-04 19:43:19 UTC,2017-09-04 11:24:13 UTC,10000.0,30,30.0
452657135,302364221519,2018-09-09 20:17:12 UTC,2018-09-24 20:40:27 UTC,10000.0,30,30.0
951918735,302275786,2017-10-27 10:55:21 UTC,2017-11-27 20:52:01 UTC,10000.0,30,30.0
821969526,301786761404,2018-05-23 08:17:56 UTC,2018-06-22 00:50:17 UTC,10000.0,30,30.0
450505566,301981578,2017-07-18 13:42:24 UTC,2017-07-30 21:51:54 UTC,10000.0,30,30.0
381083274,302155025228,2018-08-03 19:43:23 UTC,2018-09-06 19:43:56 UTC,10000.0,30,30.0
338622487,302420028276,2018-09-18 21:26:31 UTC,2018-10-31 19:04:34 UTC,10000.0,30,30.0
818106147,302113466,2017-09-16 17:55:00 UTC,2017-10-12 22:45:23 UTC,10000.0,30,30.0
604959674,301926039757,2018-06-19 06:54:53 UTC,2018-07-17 13:32:57 UTC,10000.0,30,30.0
502439345,302405888,2017-11-23 09:51:12 UTC,2018-03-06 02:58:12 UTC,10000.0,30,30.0
103741513,302314504,2017-11-07 09:37:53 UTC,2017-12-08 13:36:37 UTC,10000.0,30,30.0
385789496,301825527221,2018-05-30 18:05:50 UTC,2018-08-31 12:53:50 UTC,10000.0,30,30.0
718748201,302063528228,2018-07-17 18:47:05 UTC,2018-11-30 13:50:26 UTC,10000.0,30,30.0
552281391,301767551674,2018-05-18 20:54:41 UTC,2018-09-28 17:31:33 UTC,15000.0,60,20.0
904058531,301883362238,2018-06-11 12:32:29 UTC,2018-11-01 14:15:17 UTC,15000.0,60,20.0
488467968,302224986,2017-10-15 16:07:42 UTC,2018-06-01 17:47:09 UTC,20000.0,60,15.0
679389662,303016472,2018-04-04 15:45:22 UTC,2018-05-03 08:55:52 UTC,20000.0,60,15.0
689669020,302358422,2017-11-14 06:49:44 UTC,2017-11-27 18:13:09 UTC,40000.0,15,15.0
907167219,302791928,2018-02-16 18:00:55 UTC,2018-04-18 11:49:20 UTC,15000.0,60,20.0
397226037,302849055,2018-02-28 06:54:08 UTC,2018-04-26 06:49:39 UTC,15000.0,60,20.0
624530117,303158674,2018-05-02 17:59:48 UTC,2018-06-28 11:52:37 UTC,15000.0,60,20.0
797785982,302523290,2017-12-17 11:16:22 UTC,2018-02-16 20:20:59 UTC,15000.0,60,20.0
850284226,302871638,2018-03-03 20:02:50 UTC,2018-05-10 11:17:21 UTC,15000.0,60,20.0
112759228,302529443,2017-12-18 20:35:02 UTC,2018-03-27 07:03:29 UTC,40000.0,180,5.0
971022873,302962008,2018-03-23 11:34:50 UTC,2018-07-24 09:50:37 UTC,40000.0,180,5.0
974749625,302149904,2017-09-26 09:19:22 UTC,2017-12-28 12:42:30 UTC,40000.0,90,10.0
302410930,301838808143,2018-06-02 08:29:41 UTC,2018-11-30 14:56:34 UTC,32000.0,90,12.5
362067285,303189813,2018-05-08 18:54:13 UTC,2018-11-01 14:29:50 UTC,32000.0,90,12.5
608385075,302500278,2017-12-12 14:49:21 UTC,2018-07-27 10:33:17 UTC,40000.0,180,5.0
841801922,801703608,2017-06-20 16:57:29 UTC,2018-01-20 00:34:25 UTC,100000.0,180,4.0
082215944,101500430,2015-03-03 10:14:43 UTC,2016-04-23 00:01:49 UTC,100000.0,360,4.0
437311260,201404857,2014-07-30 16:15:29 UTC,2015-10-16 11:08:44 UTC,100000.0,360,4.0
151445882,201612734,2016-11-23 08:57:44 UTC,2018-06-01 22:45:50 UTC,160000.0,360,5.0
537928907,801602154,2016-08-03 13:39:14 UTC,2017-02-07 20:44:39 UTC,70000.0,180,4.5
002054,00430013030002054,2012-11-23 00:00:00 UTC,2014-03-31 00:00:00 UTC,90000.0,360,3.5
103817524,302089752,2017-09-09 12:31:29 UTC,2017-12-10 22:58:18 UTC,43500.0,90,10.0
496739242,301913709903,2018-06-15 18:26:00 UTC,2018-11-21 20:52:57 UTC,35000.0,180,5.0
499285217,302716799,2018-01-31 22:14:20 UTC,2018-05-01 13:23:31 UTC,35000.0,180,5.0
862267361,302490507,2017-12-10 15:31:51 UTC,2018-06-01 19:58:23 UTC,12500.0,30,20.0
172947140,303069980,2018-04-16 02:41:53 UTC,2018-08-29 21:52:15 UTC,12500.0,30,20.0
291475357,302718700441,2018-11-07 15:07:10 UTC,2018-11-28 14:15:09 UTC,12500.0,30,20.0
724147237,302706938256,2018-11-06 14:52:38 UTC,2018-11-06 14:59:04 UTC,12500.0,30,20.0
694817694,302684275411,2018-11-01 15:39:57 UTC,2018-11-18 21:01:44 UTC,12500.0,30,20.0
841336863,303032435,2018-04-07 19:39:32 UTC,2018-05-12 16:41:01 UTC,12500.0,30,20.0
843010305,302185230675,2018-08-09 16:13:27 UTC,2018-08-28 10:40:17 UTC,12500.0,30,20.0
255649419,302092100110,2018-07-23 07:10:49 UTC,2018-07-27 15:46:15 UTC,12500.0,30,20.0
706876785,302452960285,2018-09-25 09:01:07 UTC,2018-10-22 17:42:48 UTC,12500.0,30,20.0
050514160,302432790558,2018-09-21 01:13:30 UTC,2018-10-19 13:58:24 UTC,12500.0,30,20.0
256241272,302479313,2017-12-07 15:37:22 UTC,2018-01-14 22:24:34 UTC,12500.0,30,20.0
167872151,302094453071,2018-07-23 21:27:14 UTC,2018-07-26 12:01:04 UTC,12500.0,30,20.0
168707643,302578624,2018-01-01 07:51:56 UTC,2018-07-20 11:59:42 UTC,12500.0,30,20.0
310704617,301752316036,2018-05-16 11:21:42 UTC,2018-05-21 14:57:37 UTC,12500.0,30,20.0
673895585,302607227114,2018-10-22 13:27:26 UTC,2018-11-13 08:50:26 UTC,12500.0,30,20.0
498158404,302706444,2018-01-29 15:07:21 UTC,2018-02-28 06:45:31 UTC,12500.0,30,20.0
395802723,303022550,2018-04-05 19:45:27 UTC,2018-05-16 10:21:14 UTC,12500.0,30,20.0
951235182,302530750775,2018-10-07 13:19:34 UTC,2018-11-05 10:05:51 UTC,12500.0,30,20.0
211894891,302478899264,2018-09-28 14:37:53 UTC,2018-10-27 09:57:09 UTC,12500.0,30,20.0
047813463,302491954843,2018-10-01 22:38:29 UTC,2018-10-29 16:12:25 UTC,12500.0,30,20.0
347908630,301838990985,2018-06-02 10:09:40 UTC,2018-06-28 09:49:13 UTC,12500.0,30,20.0
374162915,302440246591,2018-09-22 09:41:19 UTC,2018-10-10 22:51:42 UTC,12500.0,30,20.0
400374773,302346811669,2018-09-06 17:30:16 UTC,2018-10-05 14:40:05 UTC,20000.0,30,12.5
044359045,302836497,2018-02-26 07:49:33 UTC,2018-03-08 08:32:59 UTC,20000.0,30,12.5
865883313,302072350080,2018-07-19 13:08:03 UTC,2018-11-30 13:28:32 UTC,12500.0,30,20.0
966873263,302310258,2017-11-03 12:13:32 UTC,2017-12-06 12:06:21 UTC,40000.0,60,12.5
124326956,302648115,2018-01-17 17:17:51 UTC,2018-03-15 11:58:13 UTC,40000.0,60,12.5
730291890,302638756,2018-01-16 16:45:32 UTC,2018-06-01 21:40:43 UTC,7500.0,15,15.0
416862025,302735998,2018-02-05 16:05:05 UTC,2018-07-27 14:22:01 UTC,7500.0,15,15.0
621836320,301992007,2017-07-23 15:10:14 UTC,2017-07-31 09:19:06 UTC,10000.0,15,11.25
648570741,302613384,2018-01-09 19:37:58 UTC,2018-06-01 21:07:48 UTC,7500.0,15,15.0
450031050,302257831,2017-10-23 09:48:30 UTC,2018-02-03 16:44:19 UTC,7500.0,15,15.0
296564737,302452321,2017-12-02 11:31:29 UTC,2017-12-27 15:43:12 UTC,7500.0,15,15.0
573940772,302705350,2018-01-29 11:34:43 UTC,2018-02-22 20:01:58 UTC,7500.0,30,15.0
675416952,302507541,2017-12-13 21:57:09 UTC,2017-12-25 07:42:47 UTC,7500.0,15,15.0
086005766,302386858,2017-11-22 18:04:46 UTC,2017-12-22 00:55:44 UTC,7500.0,15,15.0
406155409,302673227,2018-01-22 22:03:02 UTC,2018-02-02 12:17:17 UTC,7500.0,15,15.0
332553403,302332772,2017-11-08 15:39:08 UTC,2017-12-22 10:18:37 UTC,7500.0,15,15.0
831361445,302317270,2017-11-05 11:18:10 UTC,2017-12-24 03:42:05 UTC,7500.0,15,15.0
486813708,302133812,2017-09-21 09:29:11 UTC,2017-10-06 04:42:17 UTC,7500.0,15,15.0
843194085,302793526,2018-02-17 12:06:43 UTC,2018-02-24 19:57:43 UTC,7500.0,15,15.0
400983886,301756766880,2018-05-17 22:17:36 UTC,2018-09-28 17:31:26 UTC,15000.0,30,15.0
872287856,302365525,2017-11-15 12:41:19 UTC,2018-06-01 17:51:52 UTC,7500.0,30,30.0
730603524,302354961,2017-11-14 13:42:34 UTC,2017-12-14 01:48:00 UTC,7500.0,30,30.0
010242440,302642362,2018-01-16 18:33:37 UTC,2018-02-19 11:53:55 UTC,7500.0,30,30.0
467196632,302716835,2018-01-31 22:29:19 UTC,2018-03-01 12:20:13 UTC,7500.0,30,30.0
521265656,302713632,2018-01-31 10:12:42 UTC,2018-02-27 11:25:05 UTC,7500.0,30,30.0
944065883,302750271,2018-02-08 19:48:17 UTC,2018-03-07 11:01:17 UTC,7500.0,30,30.0
907269960,302338296400,2018-09-05 11:18:01 UTC,2018-09-24 11:43:05 UTC,7500.0,30,30.0
413112941,302077581,2017-09-05 18:20:46 UTC,2017-09-18 17:25:40 UTC,7500.0,30,30.0
738793330,302581642,2018-01-04 14:12:32 UTC,2018-02-01 15:40:02 UTC,7500.0,30,30.0
114820638,302843771,2018-02-27 11:51:05 UTC,2018-07-27 11:21:22 UTC,7500.0,30,30.0
829615389,301887317184,2018-06-12 07:19:41 UTC,2018-11-01 14:11:43 UTC,7500.0,30,30.0
347679434,302042417,2017-08-19 12:30:42 UTC,2017-09-04 03:07:40 UTC,20000.0,15,11.25
549502228,301899596,2017-05-10 16:03:52 UTC,2017-06-11 10:52:58 UTC,20000.0,15,11.25
594179057,303144381,2018-04-30 12:11:14 UTC,2018-05-22 15:44:43 UTC,15000.0,30,15.0
520541253,301791531911,2018-05-24 12:09:03 UTC,2018-06-25 00:53:28 UTC,15000.0,30,15.0
514145464,302640681,2018-01-16 11:43:29 UTC,2018-02-15 12:35:36 UTC,15000.0,30,15.0
648057552,302890006,2018-03-07 20:42:59 UTC,2018-04-03 16:14:15 UTC,15000.0,30,15.0
172257417,301830873899,2018-05-31 16:24:04 UTC,2018-06-14 07:05:24 UTC,15000.0,15,15.0
026007916,302510902,2017-12-14 14:35:29 UTC,2018-01-24 15:31:47 UTC,15000.0,30,15.0
003603308,302502424762,2018-10-03 07:50:56 UTC,2018-10-26 19:56:13 UTC,15000.0,30,15.0
832735234,302662450312,2018-10-30 14:54:27 UTC,2018-12-04 19:07:04 UTC,15000.0,30,15.0
475482260,302305111337,2018-08-30 18:50:06 UTC,2018-09-10 15:16:11 UTC,15000.0,30,15.0
014508098,302320563349,2018-09-02 12:14:49 UTC,2018-09-26 11:00:30 UTC,15000.0,30,15.0
515053399,302165309628,2018-08-06 07:44:25 UTC,2018-08-14 09:44:44 UTC,15000.0,60,15.0
099109541,302923643,2018-03-15 05:35:17 UTC,2018-04-30 08:45:53 UTC,15000.0,60,15.0
480388939,302114648,2017-09-15 14:05:45 UTC,2017-10-11 14:15:42 UTC,15000.0,30,30.0
611057132,302452414,2017-12-02 11:43:59 UTC,2018-02-05 10:45:21 UTC,15000.0,60,15.0
234568092,302008988,2017-08-02 15:54:48 UTC,2017-08-30 10:05:56 UTC,30000.0,30,15.0
532088893,302011774,2017-08-04 03:55:46 UTC,2017-08-28 14:58:26 UTC,30000.0,30,15.0
864844330,301918459,2017-05-25 21:33:47 UTC,2017-06-07 05:04:16 UTC,30000.0,60,15.0
920144295,801603830,2016-11-30 10:03:32 UTC,2017-11-06 16:26:22 UTC,60000.0,180,5.0
978935053,101703129,2017-09-15 12:49:34 UTC,2018-09-06 17:11:14 UTC,120000.0,360,5.0
476268046,201608964,2016-09-09 12:18:00 UTC,2018-02-02 14:04:52 UTC,120000.0,360,5.0
091108484,801703514,2017-06-15 17:13:04 UTC,2018-01-20 00:31:02 UTC,60000.0,180,4.5
142876866,801602164,2016-08-04 12:03:10 UTC,2017-02-01 21:57:52 UTC,60000.0,180,4.5
706414697,302505096759,2018-10-03 08:17:19 UTC,2018-11-17 07:56:20 UTC,91000.0,180,5.0
375520991,302302913,2017-11-01 21:38:05 UTC,2018-06-01 17:06:12 UTC,65000.0,60,12.5
007353315,DYA779873368,2016-10-15 16:50:33 UTC,2017-11-07 17:38:54 UTC,1000.0,30,15.0
428916142,DYA128950124,2016-10-14 16:12:28 UTC,2017-11-07 22:46:10 UTC,1000.0,30,15.0
167587878,DYA148609559,2016-10-15 18:58:04 UTC,2017-11-07 18:37:06 UTC,1000.0,30,15.0
362449124,DYA109368346,2016-10-12 14:54:40 UTC,2016-11-13 17:32:43 UTC,2000.0,30,15.0
691419157,DYA568278515,2016-10-14 21:20:35 UTC,2017-11-07 22:00:32 UTC,2000.0,30,15.0
559418977,301767923,2016-12-01 16:02:45 UTC,2017-09-27 13:04:47 UTC,30000.0,30,8.0
990716766,303019297,2018-04-05 08:48:33 UTC,2018-04-25 19:45:12 UTC,12000.0,30,20.0
836372511,302914942,2018-03-13 11:08:05 UTC,2018-03-23 12:43:21 UTC,24000.0,60,20.0
731957994,801706435,2017-11-06 14:52:57 UTC,2018-06-20 12:08:32 UTC,80000.0,180,4.0
001467,00430013030001467,2013-02-28 00:00:00 UTC,2014-04-30 17:34:56 UTC,80000.0,360,4.0
093655748,302333984188,2018-09-04 16:04:34 UTC,2018-11-01 14:48:04 UTC,22000.0,60,15.0
328965384,302737277,2018-02-05 15:24:42 UTC,2018-03-03 11:15:17 UTC,44000.0,180,5.0
732382912,801500251,2015-02-26 12:34:38 UTC,2015-09-18 00:02:53 UTC,120000.0,180,5.35
000440,00430013010000440,2012-12-14 00:00:00 UTC,2014-03-31 00:00:00 UTC,380000.0,180,5.0
904528641,101603214,2016-10-12 14:06:35 UTC,2018-04-20 00:10:46 UTC,190000.0,360,5.0
407671356,301899760839,2018-06-13 15:29:51 UTC,2018-08-08 15:41:09 UTC,19500.0,60,15.0
015239824,302393347852,2018-09-14 13:41:08 UTC,2018-09-21 14:04:00 UTC,52000.0,90,7.5
712756150,302600120,2018-01-06 16:34:19 UTC,2018-02-13 09:28:33 UTC,7000.0,30,20.0
719553588,301739439285,2018-05-14 10:34:47 UTC,2018-06-11 15:54:11 UTC,8500.0,30,15.0
191795949,302441332313,2018-09-22 12:56:14 UTC,2018-10-10 07:27:58 UTC,8500.0,15,15.0
904569974,302862198,2018-03-02 09:15:40 UTC,2018-03-13 13:06:55 UTC,17000.0,60,15.0
884355430,303020031,2018-04-05 11:13:38 UTC,2018-06-05 14:05:11 UTC,24500.0,60,12.5
715480767,302501501,2017-12-12 17:59:59 UTC,2018-01-24 07:34:44 UTC,11500.0,30,20.0
926320107,PP2003468819,2018-07-05 09:12:47 UTC,2018-09-01 21:58:48 UTC,62500.0,90,6.0
051990075,302785312,2018-02-15 15:15:10 UTC,2018-05-30 09:01:25 UTC,150000.0,180,5.0
266485894,201602553,2016-04-20 10:57:47 UTC,2016-09-30 13:08:27 UTC,190000.0,180,6.25
340936054,303049755,2018-04-11 18:40:07 UTC,2018-05-10 12:17:51 UTC,31500.0,90,12.5
397356348,302541715,2017-12-22 16:01:45 UTC,2018-03-21 00:36:24 UTC,41500.0,90,12.5
073718021,302442862,2017-11-30 14:35:08 UTC,2018-03-01 19:07:25 UTC,46500.0,90,7.5
051905100,302046965419,2018-07-14 09:11:32 UTC,2018-08-03 20:09:17 UTC,139500.0,180,5.0
463946974,302560351,2017-12-27 11:34:40 UTC,2018-02-13 21:40:10 UTC,37500.0,90,12.5
785604815,303080812,2018-04-18 07:40:39 UTC,2018-07-21 07:18:10 UTC,37500.0,90,12.5
234098065,302242441099,2018-08-20 10:28:29 UTC,2018-09-06 08:18:52 UTC,37500.0,90,12.5
042531922,303093917,2018-04-20 14:36:51 UTC,2018-07-20 01:55:02 UTC,37500.0,90,12.5
080475400,301716804075,2018-05-10 09:43:29 UTC,2018-09-28 19:02:36 UTC,37500.0,90,12.5
705006388,302114933,2017-09-15 14:39:07 UTC,2017-11-19 11:11:43 UTC,58500.0,90,10.0
427462153,302896701,2018-03-09 17:02:49 UTC,2018-04-26 17:36:36 UTC,103000.0,60,12.5
187975247,302025418078,2018-07-10 00:00:06 UTC,2018-10-22 12:19:05 UTC,69000.0,180,7.5
869744144,303044408,2018-04-10 16:05:59 UTC,2018-07-07 09:20:23 UTC,49000.0,90,7.5
351955097,303114357,2018-04-25 10:45:48 UTC,2018-08-01 11:38:03 UTC,49000.0,180,7.5
948255216,302027998146,2018-07-10 14:30:06 UTC,2018-09-04 19:18:14 UTC,90000.0,180,7.5
816649727,302968836,2018-03-25 05:09:20 UTC,2018-06-24 01:06:26 UTC,30500.0,90,7.5
083879777,301971536519,2018-06-28 14:23:18 UTC,2018-09-27 14:59:40 UTC,23000.0,90,12.5
130701112,201400707,2014-03-10 00:00:00 UTC,2015-08-11 18:01:09 UTC,100000.0,360,5.75
827783438,302000806119,2018-07-04 16:23:04 UTC,2018-10-20 08:07:41 UTC,86000.0,180,7.5
182770682,301813483778,2018-05-28 18:14:52 UTC,2018-11-08 15:42:47 UTC,86000.0,180,7.5
367269749,303135534,2018-04-28 14:42:52 UTC,2018-08-29 13:01:14 UTC,59500.0,180,7.5
363505426,303183184,2018-05-07 15:49:30 UTC,2018-09-17 18:30:36 UTC,59500.0,180,7.5
149581402,303083007,2018-04-18 14:07:58 UTC,2018-04-22 14:57:07 UTC,59500.0,180,7.5
926150944,302836587,2018-02-26 08:13:51 UTC,2018-08-21 10:46:51 UTC,124500.0,180,5.0
031347981,303102133,2018-04-22 12:16:47 UTC,2018-08-29 22:55:13 UTC,34500.0,90,12.5
477181130,302274595398,2018-08-25 00:00:00 UTC,2018-11-22 11:37:11 UTC,34500.0,90,12.5
074707925,302345320,2017-11-11 06:19:26 UTC,2018-01-05 16:50:17 UTC,34500.0,90,12.5
036344757,302901453,2018-03-10 06:54:39 UTC,2018-06-06 17:52:38 UTC,34500.0,90,12.5
188377738,302956187,2018-03-22 08:05:23 UTC,2018-06-14 13:18:14 UTC,34500.0,90,12.5
593391457,302697996,2018-01-27 10:39:53 UTC,2018-07-27 13:52:45 UTC,34500.0,90,12.5
051515891,303029976,2018-04-09 13:13:54 UTC,2018-06-05 19:43:46 UTC,79000.0,180,7.5
799968960,801602382,2016-08-19 17:51:11 UTC,2017-11-06 16:27:27 UTC,150000.0,270,4.5
738045641,303047381,2018-04-11 10:49:29 UTC,2018-09-10 23:05:23 UTC,95000.0,180,7.5
369142425,302061649174,2018-07-17 16:46:28 UTC,2018-10-10 13:16:32 UTC,45500.0,180,7.5
425156032,302006185400,2018-07-05 17:24:12 UTC,2018-09-24 13:54:59 UTC,45500.0,180,7.5
051671510,301610636,2016-04-13 07:40:26 UTC,2017-09-27 08:37:48 UTC,5000.0,15,0.0
680859922,301713197,2016-09-12 20:17:19 UTC,2017-09-27 09:00:29 UTC,10000.0,15,0.0
603110388,301737672,2016-10-05 21:56:31 UTC,2017-09-27 08:58:30 UTC,10000.0,15,0.0
893906240,301754943,2016-11-05 16:40:28 UTC,2017-09-27 12:52:55 UTC,15000.0,30,0.0
963079312,301613342,2016-04-22 07:55:26 UTC,2017-09-27 12:28:07 UTC,10000.0,30,0.0
232691282,301687124,2016-08-19 12:07:22 UTC,2017-09-27 10:52:34 UTC,10000.0,30,0.0
619905754,301699108,2016-08-29 14:35:44 UTC,2017-09-27 10:38:10 UTC,10000.0,30,0.0
186673212,301731863,2016-09-29 12:42:06 UTC,2017-09-27 08:58:54 UTC,10000.0,15,0.0
955597210,301690225,2016-08-22 14:44:28 UTC,2017-09-27 10:50:06 UTC,10000.0,30,0.0
374601846,301711113,2016-09-09 19:11:02 UTC,2017-09-27 09:00:53 UTC,10000.0,15,0.0
587246582,301624050,2016-05-24 10:26:02 UTC,2016-06-15 00:05:07 UTC,5000.0,30,0.0
491825519,301671943,2016-08-06 12:22:15 UTC,2016-09-01 00:35:41 UTC,10000.0,30,0.0
632955001,301674846,2016-08-09 16:33:31 UTC,2016-09-23 12:31:19 UTC,10000.0,30,0.0
252365794,301671746,2016-08-06 08:32:44 UTC,2016-09-05 18:25:51 UTC,10000.0,30,0.0
721285868,301604434,2016-03-26 12:50:06 UTC,2016-04-15 00:03:17 UTC,5000.0,15,0.0
119029573,301627474,2016-06-02 23:45:25 UTC,2016-09-28 15:21:58 UTC,10000.0,15,0.0
398480513,301749206,2016-10-24 19:30:31 UTC,2016-11-09 12:10:16 UTC,20000.0,15,0.0
GH89877434,100002858,2017-11-23 15:34:04 UTC,2017-12-05 15:59:36 UTC,80.0,15,15.0
GH36849122,100018311,2018-02-12 06:13:54 UTC,2018-02-24 03:51:14 UTC,80.0,15,15.0
GH97697418,100009714,2017-12-27 15:38:54 UTC,2018-01-25 16:26:36 UTC,80.0,15,15.0
826255155,301876217,2017-04-21 19:57:25 UTC,2017-05-05 19:55:42 UTC,10000.0,15,4.0
904744855,302554941328,2018-10-11 13:36:54 UTC,2018-10-30 15:23:04 UTC,8000.0,30,20.0
188763682,801701677,2017-04-07 14:00:54 UTC,2017-10-31 09:50:55 UTC,90000.0,180,4.0
351082063,302487718917,2018-09-30 01:49:22 UTC,2018-12-03 07:21:32 UTC,16500.0,60,12.5
723157348,303058458,2018-04-13 14:39:30 UTC,2018-10-24 18:07:00 UTC,22000.0,90,12.5
040072354,301985134460,2018-07-01 14:10:55 UTC,2018-08-02 10:13:32 UTC,22000.0,90,12.5
132215647,DYA949045077,2016-10-15 19:01:11 UTC,2017-11-07 18:13:13 UTC,3000.0,30,15.0
688816204,DYA756627729,2016-10-18 10:06:39 UTC,2017-11-07 13:27:03 UTC,3000.0,30,15.0
487438654,DYA144048795,2016-10-16 18:50:44 UTC,2017-11-07 16:07:07 UTC,3000.0,30,15.0
477710866,DYA937571908,2016-10-14 16:49:37 UTC,2017-11-07 21:40:00 UTC,3000.0,30,15.0
370537598,DYA735489000,2016-10-14 23:27:13 UTC,2017-11-07 22:43:19 UTC,3000.0,30,15.0
411748781,DYA706708059,2016-10-15 18:40:05 UTC,2017-03-22 02:36:18 UTC,3000.0,30,15.0
132261597,DYA250964291,2016-10-16 19:36:47 UTC,2017-11-07 15:52:50 UTC,3000.0,30,15.0
422648851,DYA376746634,2016-10-17 21:30:22 UTC,2017-11-07 13:57:31 UTC,3000.0,30,15.0
498887099,DYA303209412,2016-10-17 22:37:46 UTC,2017-11-07 14:48:53 UTC,3000.0,30,15.0
027212730,DYA360429956,2016-10-12 09:50:44 UTC,2017-11-07 23:11:37 UTC,3000.0,30,15.0
586447345,DYA826867764,2016-10-10 14:32:08 UTC,2017-11-07 23:21:22 UTC,3000.0,30,15.0
974207759,301763748,2016-11-23 20:32:50 UTC,2016-12-07 15:51:19 UTC,20000.0,15,4.5
890413278,301874523,2017-04-20 13:12:00 UTC,2017-05-03 11:55:47 UTC,20000.0,15,4.5
825260119,301850943,2017-03-31 11:06:15 UTC,2017-04-26 06:54:23 UTC,20000.0,30,9.0
971022873,301845959,2017-03-24 18:43:44 UTC,2017-04-25 18:17:03 UTC,20000.0,30,9.0
478621862,302153152793,2018-08-03 15:11:34 UTC,2018-09-02 00:36:08 UTC,12000.0,30,15.0
596159289,302916023,2018-03-13 16:05:42 UTC,2018-04-27 19:37:23 UTC,12000.0,30,15.0
048649610,302764413,2018-02-11 12:47:13 UTC,2018-02-24 07:51:08 UTC,12000.0,15,15.0
871151129,302386659,2017-11-19 18:46:46 UTC,2017-12-19 15:22:05 UTC,12000.0,60,15.0
148643979,302793796,2018-02-17 08:08:17 UTC,2018-03-09 16:25:46 UTC,24000.0,30,15.0
206545072,301997190887,2018-07-04 06:28:50 UTC,2018-07-19 18:41:54 UTC,21500.0,60,7.5
277550724,302050942613,2018-07-15 10:30:22 UTC,2018-09-18 15:08:30 UTC,46000.0,90,7.5
968230251,301882419,2017-04-27 17:34:29 UTC,2017-11-06 17:38:10 UTC,10000.0,15,5.0
332405623,301830515,2017-03-03 17:08:54 UTC,2017-03-16 18:56:00 UTC,10000.0,15,5.0
458539682,301866325,2017-04-12 20:16:46 UTC,2017-04-26 14:01:51 UTC,10000.0,15,5.0
726488839,301882503,2017-04-27 16:14:06 UTC,2017-05-26 13:09:30 UTC,10000.0,30,10.0
031513113,301807295,2017-01-31 19:25:03 UTC,2017-03-02 00:49:44 UTC,10000.0,30,10.0
497133109,301883492,2017-04-28 14:23:33 UTC,2017-05-27 10:51:48 UTC,10000.0,30,10.0
533777223,301785225,2017-01-01 11:53:22 UTC,2017-02-01 18:11:03 UTC,10000.0,30,10.0
218998410,301801274,2017-01-25 06:32:29 UTC,2017-02-24 17:16:57 UTC,10000.0,30,10.0
876150337,301768801,2016-12-03 10:31:10 UTC,2017-02-27 20:04:33 UTC,10000.0,30,10.0
851701865,302709070,2018-01-30 07:39:55 UTC,2018-03-01 15:27:16 UTC,10000.0,30,20.0
080711590,303151671,2018-05-01 15:26:18 UTC,2018-05-26 10:32:58 UTC,10000.0,30,20.0
658338530,302732443699,2018-11-09 17:03:23 UTC,2018-11-10 05:15:41 UTC,10000.0,30,20.0
220627311,302782932,2018-02-16 21:26:54 UTC,2018-03-04 07:54:40 UTC,10000.0,30,20.0
469903013,302280458237,2018-08-27 08:57:43 UTC,2018-09-24 17:00:49 UTC,10000.0,30,20.0
788615351,302731961,2018-02-04 10:18:14 UTC,2018-02-27 14:16:15 UTC,10000.0,30,20.0
030089300,301783455150,2018-05-22 12:34:47 UTC,2018-06-20 17:18:15 UTC,10000.0,30,20.0
960143651,301936852,2017-06-13 08:21:05 UTC,2017-07-16 22:42:02 UTC,40000.0,30,10.0
626866313,302540562,2017-12-21 11:32:08 UTC,2018-07-27 14:23:36 UTC,20000.0,60,20.0
711530181,302413015971,2018-09-17 19:17:25 UTC,2018-11-24 07:02:08 UTC,20000.0,60,20.0
839026126,301911637899,2018-06-15 10:49:31 UTC,2018-07-14 14:12:50 UTC,20000.0,60,20.0
957523169,302606225,2018-01-08 12:43:33 UTC,2018-03-07 13:55:02 UTC,20000.0,60,20.0
666850132,301991609502,2018-07-02 22:16:10 UTC,2018-08-28 15:54:24 UTC,20000.0,60,20.0
246476849,302343566934,2018-09-06 08:25:44 UTC,2018-10-04 08:41:23 UTC,20000.0,60,20.0
718963599,302410305,2017-11-24 06:05:40 UTC,2018-02-26 18:21:23 UTC,20000.0,60,20.0
235877518,302355793656,2018-09-08 08:09:45 UTC,2018-10-25 01:15:50 UTC,20000.0,60,20.0
773646200,302889214,2018-03-07 17:37:41 UTC,2018-04-02 13:40:56 UTC,20000.0,60,20.0
051907915,302566670,2017-12-28 19:48:01 UTC,2018-01-15 10:40:14 UTC,20000.0,60,20.0
123614867,302368708,2017-11-16 05:51:54 UTC,2017-11-16 06:06:29 UTC,9500.0,30,30.0
448619972,302681378,2018-01-24 10:12:30 UTC,2018-01-30 12:58:53 UTC,12500.0,15,15.0
327332499,301972112869,2018-06-28 15:52:48 UTC,2018-07-07 08:40:40 UTC,12500.0,15,15.0
478360153,302582449,2018-01-02 13:58:52 UTC,2018-01-12 13:26:37 UTC,12500.0,15,15.0
594179320,302316496,2017-11-07 11:41:33 UTC,2017-11-20 15:52:30 UTC,12500.0,15,15.0
636505977,302298481,2017-11-01 12:05:20 UTC,2018-01-27 19:44:50 UTC,12500.0,15,15.0
298994829,302590739,2018-01-04 16:49:28 UTC,2018-01-31 22:10:44 UTC,12500.0,15,15.0
159701612,302351783,2017-11-12 20:31:53 UTC,2017-11-18 05:40:51 UTC,12500.0,15,15.0
158425836,302189628,2017-10-06 11:31:17 UTC,2017-10-27 13:54:17 UTC,12500.0,15,15.0
522758710,302244563,2017-10-20 11:05:56 UTC,2017-10-30 22:06:22 UTC,12500.0,15,15.0
963558677,302896310,2018-03-09 08:01:37 UTC,2018-03-21 19:24:27 UTC,12500.0,15,15.0
240172144,302368235,2017-11-15 22:31:28 UTC,2017-11-27 18:10:26 UTC,12500.0,15,15.0
591778260,302670178,2018-01-23 13:33:16 UTC,2018-02-07 02:42:51 UTC,12500.0,15,15.0
168311337,302221223,2017-10-14 13:11:37 UTC,2018-02-28 20:53:07 UTC,12500.0,15,15.0
948737420,302072368,2017-09-05 08:08:45 UTC,2017-10-04 07:37:08 UTC,12500.0,30,30.0
884769160,302073921,2017-09-03 12:15:27 UTC,2017-10-03 17:54:30 UTC,12500.0,30,30.0
627883710,302995583,2018-03-30 14:19:06 UTC,2018-08-29 22:39:45 UTC,25000.0,60,15.0
559996443,302940230,2018-03-18 18:11:36 UTC,2018-07-27 10:13:16 UTC,25000.0,60,15.0
811302642,302803744,2018-02-19 14:58:33 UTC,2018-07-27 11:53:36 UTC,25000.0,60,15.0
347105922,302439272,2017-11-29 21:39:36 UTC,2017-12-27 22:06:45 UTC,25000.0,60,15.0
872672038,301985537638,2018-07-01 16:03:47 UTC,2018-08-25 08:42:39 UTC,25000.0,60,15.0
497246609,303187495,2018-05-08 12:05:10 UTC,2018-08-06 10:15:33 UTC,25000.0,90,10.0
345156480,301991574464,2018-07-02 22:08:31 UTC,2018-10-25 06:33:55 UTC,25000.0,60,15.0
368986721,302191480639,2018-08-10 16:56:13 UTC,2018-10-09 01:27:21 UTC,25000.0,60,15.0
954759812,302165841859,2018-08-06 09:26:38 UTC,2018-10-04 10:38:45 UTC,25000.0,60,15.0
070087660,302956335,2018-03-22 08:39:30 UTC,2018-04-19 12:51:20 UTC,25000.0,60,15.0
764420860,303189555,2018-05-08 18:04:02 UTC,2018-06-11 20:31:38 UTC,25000.0,60,15.0
906855296,302595073,2018-01-05 13:43:03 UTC,2018-03-04 00:29:04 UTC,30000.0,60,12.5
720989254,301720205210,2018-05-10 17:24:50 UTC,2018-05-18 16:08:12 UTC,30000.0,60,12.5
956520056,302233959262,2018-08-18 12:06:27 UTC,2018-08-21 06:38:01 UTC,30000.0,60,12.5
441792388,302192457182,2018-08-10 20:02:48 UTC,2018-09-19 22:57:21 UTC,30000.0,60,12.5
344377320,302792925,2018-02-16 22:20:51 UTC,2018-03-15 16:18:31 UTC,30000.0,60,12.5
710277231,301781886736,2018-05-22 07:02:47 UTC,2018-05-30 11:01:36 UTC,30000.0,60,12.5
166110722,302594946,2018-01-05 13:23:08 UTC,2018-02-03 13:11:54 UTC,30000.0,60,12.5
280610376,201606477,2016-07-18 13:31:22 UTC,2017-11-06 12:56:14 UTC,50000.0,180,5.0
875587677,301766969849,2018-05-18 18:57:32 UTC,2018-06-26 00:50:11 UTC,100000.0,180,5.0
851037215,101602256,2016-06-27 13:36:16 UTC,2017-09-25 15:13:14 UTC,50000.0,360,5.0
001980,101600422,2016-01-28 15:18:39 UTC,2017-02-17 14:23:55 UTC,50000.0,360,5.0
638800989,301933678238,2018-06-20 15:10:22 UTC,2018-11-07 21:22:52 UTC,100000.0,180,5.0
015039906,201603770,2016-05-17 15:49:27 UTC,2017-11-06 12:48:41 UTC,100000.0,360,5.0
090311004,201612683,2016-11-23 16:52:19 UTC,2017-11-06 13:17:46 UTC,100000.0,360,5.0
005563,101602903,2016-08-18 16:39:34 UTC,2018-09-06 12:30:29 UTC,100000.0,360,5.0
111963702,302106329,2017-09-13 19:12:14 UTC,2017-10-14 09:10:03 UTC,16500.0,60,15.0
966825612,303112870,2018-04-24 16:03:18 UTC,2018-08-29 23:10:32 UTC,66000.0,180,5.0
169181814,302462622001,2018-09-26 08:53:31 UTC,2018-10-26 09:21:47 UTC,27000.0,60,12.5
316398696,303128334,2018-04-27 16:54:13 UTC,2018-06-09 09:27:58 UTC,60000.0,90,7.5
279918133,801603083,2016-10-11 09:54:31 UTC,2017-05-11 12:13:37 UTC,100000.0,180,4.5
283031570,801703822,2017-06-30 17:43:30 UTC,2018-01-15 10:10:15 UTC,100000.0,180,4.5
897872403,302160708,2017-09-29 13:54:04 UTC,2018-02-28 19:52:45 UTC,7000.0,15,15.0
865094130,302392455,2017-11-20 21:25:07 UTC,2017-12-03 21:33:03 UTC,7000.0,15,15.0
813263903,302697925,2018-01-27 10:19:30 UTC,2018-02-12 11:06:17 UTC,7000.0,15,15.0
651245797,302210912042,2018-08-14 13:37:15 UTC,2018-08-28 13:12:37 UTC,7000.0,15,15.0
252422763,302068054,2017-08-31 12:31:31 UTC,2017-09-11 17:24:45 UTC,7000.0,15,15.0
926251045,302274053167,2018-08-25 00:00:00 UTC,2018-09-09 02:31:02 UTC,7000.0,15,15.0
152591054,303191467,2018-05-09 12:30:56 UTC,2018-05-16 14:18:57 UTC,7000.0,15,15.0
762349207,302104739,2017-09-13 18:01:36 UTC,2017-10-10 14:25:52 UTC,7000.0,30,30.0
181181748,801706251,2017-11-03 15:07:23 UTC,2018-03-02 15:40:31 UTC,70000.0,90,4.0
933187412,801706328,2017-10-30 15:11:27 UTC,2018-06-12 15:14:55 UTC,70000.0,180,4.0
044359045,302896597,2018-03-09 08:55:51 UTC,2018-04-04 19:21:51 UTC,25000.0,30,12.5
955979873,302650240,2018-01-18 07:38:25 UTC,2018-01-25 19:20:28 UTC,25000.0,60,12.5
525620299,302722408773,2018-11-08 07:30:46 UTC,2018-11-23 00:44:47 UTC,2500.0,15,15.0
461937106,301974746071,2018-06-29 08:01:19 UTC,2018-11-01 13:55:50 UTC,10000.0,15,15.0
110646092,302196224236,2018-08-11 17:14:17 UTC,2018-11-30 13:03:20 UTC,10000.0,15,15.0
585245076,302370768,2017-11-16 13:48:03 UTC,2018-06-01 16:56:28 UTC,10000.0,15,15.0
806776659,302207944,2017-10-11 11:50:06 UTC,2018-02-28 21:40:38 UTC,10000.0,15,15.0
188756035,301916164,2017-05-23 10:46:46 UTC,2017-06-02 12:43:26 UTC,15000.0,30,10.0
767597523,302160082,2017-09-28 17:50:39 UTC,2018-02-28 17:53:56 UTC,10000.0,15,15.0
008198383,302647800,2018-01-17 16:26:23 UTC,2018-06-01 21:45:57 UTC,10000.0,15,15.0
014416581,302077209,2017-09-05 19:07:05 UTC,2018-02-28 20:27:15 UTC,10000.0,15,15.0
731629826,302603477747,2018-10-19 09:29:31 UTC,2018-11-03 19:37:40 UTC,10000.0,15,15.0
381387130,302062705,2017-09-01 04:46:13 UTC,2017-09-17 09:52:41 UTC,10000.0,15,15.0
207449492,302127966,2017-09-20 08:18:45 UTC,2017-10-04 14:28:48 UTC,10000.0,15,15.0
910099552,302287461,2017-10-29 13:54:55 UTC,2017-11-13 18:10:04 UTC,10000.0,15,15.0
489508344,302484537,2017-12-08 15:51:31 UTC,2017-12-23 14:08:37 UTC,10000.0,15,15.0
517992734,302770885,2018-02-13 17:27:56 UTC,2018-02-24 15:08:20 UTC,10000.0,15,15.0
555947066,302045649,2017-08-21 12:05:08 UTC,2017-09-09 21:57:12 UTC,10000.0,15,15.0
544606333,302805124,2018-02-22 13:46:43 UTC,2018-03-30 01:45:50 UTC,10000.0,15,15.0
771264391,301952475,2017-06-26 16:13:35 UTC,2017-07-11 04:53:41 UTC,10000.0,15,15.0
424676728,302355983,2017-11-13 15:17:13 UTC,2017-11-28 00:46:47 UTC,10000.0,15,15.0
125631087,302068387,2017-08-31 14:08:43 UTC,2017-09-12 14:03:59 UTC,10000.0,15,15.0
656069113,302620534,2018-01-11 12:39:30 UTC,2018-01-26 00:38:56 UTC,10000.0,15,15.0
104416168,302432350,2017-11-28 16:22:16 UTC,2017-12-12 21:58:13 UTC,10000.0,15,15.0
546948700,302296212,2017-10-31 14:23:28 UTC,2017-11-14 16:49:57 UTC,10000.0,15,15.0
841925063,301913957,2017-05-20 06:00:03 UTC,2017-06-04 19:30:25 UTC,10000.0,15,15.0
683851700,302420452428,2018-09-18 23:36:15 UTC,2018-10-02 21:49:08 UTC,10000.0,15,15.0
857449382,302408174652,2018-09-16 22:24:51 UTC,2018-09-23 00:32:02 UTC,10000.0,15,15.0
714710559,302630619792,2018-10-23 22:26:09 UTC,2018-11-02 23:18:14 UTC,10000.0,30,15.0
759807442,302204125,2017-10-11 11:50:04 UTC,2017-10-30 11:50:58 UTC,10000.0,15,15.0
055628010,302744953,2018-02-07 09:06:00 UTC,2018-02-10 07:38:02 UTC,10000.0,30,15.0
643023426,302125914321,2018-07-29 15:33:59 UTC,2018-08-02 14:45:40 UTC,10000.0,15,15.0
278302735,302271503,2017-10-25 21:38:43 UTC,2018-02-28 17:14:15 UTC,10000.0,30,30.0
632106761,302257644,2017-10-23 08:25:58 UTC,2018-02-28 19:01:18 UTC,10000.0,30,30.0
686488257,302679118,2018-01-26 11:53:50 UTC,2018-02-21 15:26:29 UTC,10000.0,30,30.0
402750870,302330678,2017-11-08 09:40:06 UTC,2017-12-07 13:13:56 UTC,10000.0,30,30.0
822288028,302387252,2017-11-19 21:43:11 UTC,2017-12-20 15:04:00 UTC,10000.0,30,30.0
199035013,301981969,2017-07-17 14:07:57 UTC,2017-11-22 23:57:49 UTC,10000.0,30,30.0
355795520,301741147229,2018-05-14 14:25:40 UTC,2018-06-13 00:31:15 UTC,10000.0,30,30.0
296018403,301935882,2017-06-12 12:28:49 UTC,2017-07-17 15:16:50 UTC,10000.0,30,30.0
345093239,302213808,2017-10-12 18:25:31 UTC,2017-11-09 16:01:49 UTC,10000.0,30,30.0
222994259,302586319,2018-01-03 13:32:20 UTC,2018-01-19 12:50:06 UTC,10000.0,30,30.0
655275648,302870437,2018-03-03 17:35:57 UTC,2018-03-22 19:00:27 UTC,10000.0,30,30.0
580895752,302956739,2018-03-22 10:05:43 UTC,2018-04-20 22:39:49 UTC,10000.0,30,30.0
652753996,302902499,2018-03-10 11:19:32 UTC,2018-07-12 20:24:58 UTC,10000.0,30,30.0
143738737,302714090,2018-01-31 11:47:23 UTC,2018-02-18 16:05:17 UTC,10000.0,30,30.0
388181334,302205208,2017-10-10 17:04:21 UTC,2017-11-08 13:36:14 UTC,10000.0,30,30.0
635129073,302073005003,2018-07-19 13:51:19 UTC,2018-09-07 13:18:23 UTC,10000.0,30,30.0
682771755,302017855,2017-08-07 08:23:18 UTC,2017-08-20 07:09:23 UTC,10000.0,30,30.0
341383732,301999594526,2018-07-04 13:18:23 UTC,2018-08-01 18:08:44 UTC,10000.0,30,30.0
959705355,301775653422,2018-05-20 19:35:28 UTC,2018-06-20 10:07:06 UTC,10000.0,30,30.0
797405092,302050390404,2018-07-15 06:54:20 UTC,2018-07-28 14:30:49 UTC,10000.0,30,30.0
498191574,302057182290,2018-07-16 19:48:28 UTC,2018-07-18 04:46:22 UTC,10000.0,30,30.0
190455094,302038948,2017-08-17 18:25:21 UTC,2017-09-30 07:49:47 UTC,10000.0,30,30.0
891714164,302258591,2017-10-23 11:18:32 UTC,2017-11-19 23:03:28 UTC,10000.0,30,30.0
201559377,301958656,2017-07-01 08:18:21 UTC,2017-07-27 12:29:29 UTC,10000.0,30,30.0
231892323,301966197,2017-07-06 10:58:26 UTC,2017-07-31 09:23:23 UTC,10000.0,30,30.0
387224441,302202853,2017-10-10 08:55:11 UTC,2018-02-28 21:03:36 UTC,10000.0,30,30.0
337077907,301948420,2017-06-22 23:10:32 UTC,2018-02-28 20:17:31 UTC,10000.0,30,30.0
184920000,302053170386,2018-07-16 18:53:11 UTC,2018-11-30 14:01:14 UTC,10000.0,30,30.0
655871672,301978466615,2018-06-29 19:08:44 UTC,2018-11-30 15:08:30 UTC,10000.0,30,30.0
202635341,302093998290,2018-07-24 07:39:25 UTC,2018-11-30 13:21:06 UTC,10000.0,30,30.0
447285112,301980238769,2018-06-30 08:35:36 UTC,2018-11-30 15:06:50 UTC,10000.0,30,30.0
499101182,302716359,2018-01-31 19:57:31 UTC,2018-07-27 13:28:18 UTC,15000.0,60,20.0
708154934,302942718,2018-03-19 11:23:58 UTC,2018-07-27 10:09:02 UTC,15000.0,60,20.0
624555350,302526727,2017-12-18 10:59:20 UTC,2018-06-01 20:36:48 UTC,15000.0,60,20.0
330158032,801700328,2017-01-26 16:45:03 UTC,2017-05-11 11:45:45 UTC,50000.0,90,4.0
318939171,302909053,2018-03-12 07:42:16 UTC,2018-07-27 10:33:02 UTC,15000.0,60,20.0
673343714,303003568,2018-04-01 18:23:07 UTC,2018-08-29 22:10:04 UTC,15000.0,60,20.0
103644920,302817693,2018-02-22 10:32:06 UTC,2018-04-21 04:22:49 UTC,15000.0,60,20.0
893518286,303125807,2018-04-27 09:08:19 UTC,2018-06-27 00:43:14 UTC,15000.0,60,20.0
995643542,302431276,2017-11-28 13:36:16 UTC,2018-07-26 11:59:13 UTC,15000.0,60,20.0
501010831,302781001,2018-02-14 16:35:34 UTC,2018-04-30 15:34:44 UTC,40000.0,60,15.0
504784600,201607653,2016-08-12 17:54:42 UTC,2017-04-10 12:06:28 UTC,80000.0,180,5.0
705311710,302392826,2017-11-20 23:57:27 UTC,2018-05-24 07:22:18 UTC,35000.0,180,5.0
693797119,302815420,2018-02-21 19:50:26 UTC,2018-07-27 11:44:53 UTC,12500.0,30,20.0
363422477,301838935512,2018-06-02 15:30:06 UTC,2018-07-02 15:14:00 UTC,12500.0,30,20.0
375150026,302296430569,2018-08-30 14:39:54 UTC,2018-09-27 14:33:03 UTC,12500.0,30,20.0
442350360,303086608,2018-04-19 08:49:35 UTC,2018-05-02 15:55:25 UTC,12500.0,30,20.0
962960390,303060936,2018-04-14 06:46:54 UTC,2018-05-15 19:51:18 UTC,12500.0,30,20.0
604112581,302011478757,2018-07-08 15:38:45 UTC,2018-08-06 07:31:24 UTC,12500.0,30,20.0
890712444,302560534854,2018-10-12 11:11:57 UTC,2018-11-06 13:44:25 UTC,12500.0,30,20.0
325128105,302150295429,2018-08-04 07:40:28 UTC,2018-09-04 08:51:21 UTC,12500.0,30,20.0
484199804,302736852,2018-02-05 15:46:08 UTC,2018-02-22 11:26:57 UTC,12500.0,30,20.0
433199992,302566734973,2018-10-13 09:42:09 UTC,2018-11-08 15:17:59 UTC,12500.0,30,20.0
281570809,302035329128,2018-07-12 07:36:59 UTC,2018-07-19 08:49:15 UTC,12500.0,30,20.0
378328457,302224738623,2018-08-16 18:20:07 UTC,2018-09-15 00:59:37 UTC,12500.0,30,20.0
240448662,302596546515,2018-10-18 11:53:24 UTC,2018-11-01 15:19:26 UTC,12500.0,30,20.0
233984679,303016654,2018-04-04 17:53:01 UTC,2018-04-18 06:47:29 UTC,12500.0,30,20.0
001302399,302209044472,2018-08-14 08:04:45 UTC,2018-09-12 21:47:10 UTC,12500.0,30,20.0
136941103,302507281,2017-12-13 20:36:12 UTC,2017-12-20 12:04:43 UTC,12500.0,30,20.0
111604401,303070621,2018-04-16 08:11:49 UTC,2018-05-02 07:11:26 UTC,12500.0,30,20.0
025715120,302474946,2017-12-07 12:38:00 UTC,2018-01-08 13:02:20 UTC,12500.0,30,20.0
277192815,302017755130,2018-07-08 13:35:18 UTC,2018-08-08 13:59:32 UTC,12500.0,30,20.0
297155596,301750345157,2018-05-16 19:43:23 UTC,2018-06-08 22:56:18 UTC,12500.0,30,20.0
561755477,301995523079,2018-07-03 17:39:34 UTC,2018-08-02 15:16:31 UTC,12500.0,30,20.0
522680491,302475302149,2018-09-27 23:38:28 UTC,2018-10-13 08:25:03 UTC,20000.0,30,12.5
099109735,302326634621,2018-09-03 14:18:52 UTC,2018-10-09 16:22:34 UTC,20000.0,30,12.5
816862277,303161903,2018-05-03 11:58:08 UTC,2018-05-29 09:04:31 UTC,20000.0,30,12.5
857343474,302441363053,2018-09-22 13:41:19 UTC,2018-10-29 11:15:40 UTC,20000.0,30,12.5
258288931,303143702,2018-04-30 13:24:31 UTC,2018-05-30 00:47:33 UTC,20000.0,30,12.5
429118257,302699032,2018-01-27 14:54:28 UTC,2018-02-27 08:27:23 UTC,20000.0,30,12.5
033866560,303128022,2018-04-27 17:11:35 UTC,2018-09-28 18:52:12 UTC,12500.0,30,20.0
276044058,303182684,2018-05-07 14:35:13 UTC,2018-07-07 03:52:28 UTC,25000.0,60,10.0
866841095,302100080,2017-09-12 16:32:14 UTC,2017-11-02 14:19:50 UTC,20000.0,60,12.5
343815444,302432186814,2018-09-20 21:32:39 UTC,2018-11-15 15:54:54 UTC,17000.0,60,20.0
416831291,201605671,2016-06-24 14:01:36 UTC,2018-05-07 16:33:22 UTC,240000.0,360,5.0
178756100,302481187686,2018-09-28 20:38:21 UTC,2018-10-21 21:18:49 UTC,9000.0,30,12.5
878104996,302708915,2018-01-30 06:54:48 UTC,2018-02-02 14:47:03 UTC,7500.0,15,15.0
670373144,302094247,2017-09-12 12:53:47 UTC,2017-09-27 04:41:53 UTC,7500.0,15,15.0
340112886,302571591,2018-01-01 11:59:53 UTC,2018-03-12 10:38:11 UTC,7500.0,15,15.0
635121864,302513611,2017-12-15 05:24:02 UTC,2017-12-23 11:48:07 UTC,7500.0,15,15.0
226836348,302344937,2017-11-10 23:26:50 UTC,2017-12-17 03:53:06 UTC,7500.0,15,15.0
167908804,302920601,2018-03-14 13:13:24 UTC,2018-03-27 17:00:17 UTC,7500.0,15,15.0
884766425,302351431,2017-11-12 16:11:24 UTC,2017-11-28 15:21:34 UTC,7500.0,15,15.0
119638820,301789779596,2018-05-23 18:23:50 UTC,2018-06-07 00:42:54 UTC,7500.0,15,15.0
607284085,302290046,2017-10-30 09:13:26 UTC,2017-11-13 12:26:12 UTC,7500.0,15,15.0
280574856,302298476,2017-11-01 00:28:11 UTC,2017-11-11 03:53:24 UTC,7500.0,15,15.0
708549725,302515003,2017-12-15 10:53:10 UTC,2018-01-02 22:59:13 UTC,7500.0,15,15.0
747525671,302790242,2018-02-17 11:12:10 UTC,2018-07-27 11:57:13 UTC,7500.0,30,30.0
834372040,302594326,2018-01-05 11:45:33 UTC,2018-02-04 00:42:38 UTC,7500.0,30,30.0
546882030,302957883,2018-03-22 13:45:59 UTC,2018-11-23 15:56:28 UTC,7500.0,30,30.0
743197176,302997488,2018-03-30 22:33:37 UTC,2018-05-03 17:52:17 UTC,7500.0,30,30.0
372767625,302441789,2017-11-30 12:01:47 UTC,2018-02-22 19:28:44 UTC,7500.0,30,30.0
686813969,302154496,2017-09-27 11:25:29 UTC,2017-10-27 02:43:04 UTC,7500.0,30,30.0
646493500,302460725821,2018-09-25 20:49:49 UTC,2018-11-30 01:43:12 UTC,7500.0,30,30.0
672050034,302588839,2018-01-04 11:25:13 UTC,2018-06-01 22:03:51 UTC,7500.0,30,30.0
061532849,302455645,2017-12-03 07:54:00 UTC,2017-12-18 05:18:55 UTC,15000.0,15,15.0
439063384,302130059,2017-09-20 07:05:47 UTC,2017-10-03 21:15:07 UTC,15000.0,15,15.0
662348249,302675489650,2018-10-31 08:40:01 UTC,2018-11-30 19:58:09 UTC,15000.0,30,15.0
377601947,302292944,2017-10-31 19:50:58 UTC,2017-11-14 08:58:57 UTC,15000.0,15,15.0
387749589,301867987426,2018-06-08 10:37:29 UTC,2018-07-04 08:27:57 UTC,15000.0,30,15.0
794380693,302339855518,2018-09-05 14:39:57 UTC,2018-09-25 15:56:05 UTC,15000.0,30,15.0
567784473,302376692074,2018-09-11 21:08:52 UTC,2018-10-22 09:49:08 UTC,15000.0,30,15.0
655443000,302435890,2017-11-29 12:58:08 UTC,2017-12-19 22:46:02 UTC,15000.0,15,15.0
291263234,302117364314,2018-07-27 16:37:31 UTC,2018-08-26 00:43:05 UTC,15000.0,30,15.0
956541533,302765000,2018-02-11 15:16:36 UTC,2018-07-27 12:27:18 UTC,15000.0,60,15.0
910905845,302864207,2018-03-02 14:08:52 UTC,2018-04-30 14:46:27 UTC,15000.0,60,15.0
835077017,303073704,2018-04-16 16:53:37 UTC,2018-06-12 19:50:33 UTC,15000.0,60,15.0
173559443,301920032,2017-05-28 03:51:29 UTC,2018-02-28 20:46:09 UTC,30000.0,30,15.0
148303834,302058028,2017-08-27 14:27:54 UTC,2017-09-26 04:21:37 UTC,30000.0,30,15.0
377239063,301930597,2017-06-08 08:33:57 UTC,2017-07-11 09:06:53 UTC,30000.0,30,15.0
062647193,301950514,2017-06-24 14:44:24 UTC,2017-08-02 01:18:19 UTC,30000.0,30,15.0
511165118,302009884,2017-08-03 05:48:25 UTC,2017-09-04 21:50:35 UTC,30000.0,30,15.0
262509537,301907284,2017-05-15 10:05:44 UTC,2017-11-06 17:18:57 UTC,30000.0,60,15.0
800541659,302292701,2017-10-30 17:30:56 UTC,2017-11-01 14:27:42 UTC,21000.0,15,15.0
253668760,302407293,2017-11-23 13:45:53 UTC,2017-12-22 08:07:30 UTC,21000.0,60,15.0
010693474,302891080,2018-03-08 07:17:47 UTC,2018-07-27 10:44:31 UTC,14500.0,60,20.0
309172948,302504109953,2018-10-03 00:07:34 UTC,2018-10-28 22:38:32 UTC,9500.0,30,20.0
535793555,302676355092,2018-10-31 10:59:44 UTC,2018-11-29 10:42:41 UTC,9500.0,30,20.0
069022744,PP2137981418,2018-07-31 21:29:01 UTC,2018-10-29 08:45:10 UTC,38000.0,90,6.0
245202481,DYA574793230,2016-10-14 15:07:45 UTC,2017-11-07 22:44:28 UTC,1000.0,30,15.0
108792115,DYA711584504,2016-10-15 22:19:12 UTC,2017-11-07 20:51:34 UTC,1000.0,30,15.0
881460466,DYA629917723,2016-10-14 17:14:49 UTC,2017-11-07 21:08:00 UTC,1000.0,30,15.0
707310426,DYA466808737,2016-10-15 20:54:03 UTC,2017-11-07 17:56:33 UTC,1000.0,30,15.0
088616630,DYA527216648,2016-10-15 18:47:07 UTC,2017-11-07 17:19:09 UTC,2000.0,30,15.0
185369943,DYA201466726,2016-10-15 19:34:00 UTC,2017-11-07 16:33:39 UTC,2000.0,30,15.0
815087798,DYA561838310,2016-10-16 19:24:35 UTC,2017-11-07 15:29:09 UTC,2000.0,30,15.0
202566227,DYA081200790,2016-10-14 22:45:47 UTC,2017-11-07 21:30:08 UTC,2000.0,30,15.0
338413003,302891800,2018-03-08 09:51:07 UTC,2018-03-27 08:58:35 UTC,12000.0,30,20.0
915875153,303010512,2018-04-03 13:51:55 UTC,2018-05-02 13:54:21 UTC,12000.0,30,20.0
644179767,301864958,2017-04-11 19:08:39 UTC,2017-05-01 13:51:41 UTC,30000.0,30,8.0
568463209,301862209,2017-04-10 11:37:53 UTC,2017-05-09 14:45:25 UTC,30000.0,30,8.0
747377294,301883892,2017-04-28 20:36:59 UTC,2017-06-23 22:21:58 UTC,30000.0,60,8.0
873934189,301791560,2017-01-11 15:15:39 UTC,2017-03-06 17:40:54 UTC,30000.0,60,8.0
311878509,301980291199,2018-06-30 08:39:52 UTC,2018-08-21 09:10:55 UTC,70000.0,180,7.5
277117168,302572980735,2018-10-14 13:57:46 UTC,2018-10-28 08:29:35 UTC,7000.0,30,20.0
274172983,301870694,2017-04-17 08:07:32 UTC,2017-05-19 14:39:16 UTC,40000.0,60,7.0
001416914,302698212715,2018-11-05 10:16:44 UTC,2018-11-10 19:57:54 UTC,42500.0,180,5.0
011429478,302173335534,2018-08-08 19:54:12 UTC,2018-08-27 11:23:42 UTC,17000.0,30,30.0
005974,201403227,2014-06-16 17:48:38 UTC,2015-06-22 14:51:03 UTC,320000.0,360,5.75
589949011,302794858452,2018-11-20 17:19:46 UTC,2018-11-20 17:28:36 UTC,11500.0,30,15.0
382884202,302978974,2018-03-27 10:25:35 UTC,2018-03-28 21:25:44 UTC,23000.0,60,15.0
635422235,101601255,2016-04-13 18:26:25 UTC,2017-07-28 18:22:13 UTC,300000.0,360,5.0
005012,201406645,2014-09-11 11:51:52 UTC,2016-04-28 00:02:27 UTC,250000.0,540,4.0
697186302,302447304591,2018-09-23 17:35:01 UTC,2018-11-29 12:35:39 UTC,30000.0,90,12.5
810186535,302790951,2018-02-16 15:10:41 UTC,2018-03-16 11:11:30 UTC,37500.0,90,10.0
979356863,302302942494,2018-08-30 13:37:46 UTC,2018-09-28 06:58:53 UTC,37500.0,90,10.0
002887,00430013010002887,2013-05-28 00:00:00 UTC,2014-03-31 00:00:00 UTC,150000.0,180,5.0
297736416,101601559,2016-05-03 17:29:56 UTC,2017-11-04 00:05:15 UTC,150000.0,360,5.0
763836731,302435763218,2018-09-21 15:11:33 UTC,2018-10-05 11:21:54 UTC,14500.0,30,15.0
058344903,302369391709,2018-09-10 18:01:28 UTC,2018-11-06 17:53:08 UTC,14500.0,60,15.0
216547204,301839164559,2018-06-02 09:56:32 UTC,2018-08-02 14:32:01 UTC,37500.0,90,12.5
559185215,303080622,2018-04-18 06:45:05 UTC,2018-07-18 01:54:08 UTC,67000.0,90,12.5
171138841,302803251,2018-02-19 14:04:43 UTC,2018-08-17 15:33:36 UTC,147500.0,180,5.0
510249222,301783668381,2018-05-22 13:17:48 UTC,2018-11-01 13:31:30 UTC,25500.0,90,12.5
625806140,301823666388,2018-05-30 14:35:45 UTC,2018-07-03 14:22:22 UTC,25500.0,90,12.5
429531516,201401726,2014-04-17 18:01:38 UTC,2015-08-14 14:22:03 UTC,130000.0,360,5.75
295625812,801602895,2016-09-29 12:34:26 UTC,2017-02-02 14:22:30 UTC,110000.0,180,4.5
305824126,302991057,2018-03-29 14:56:04 UTC,2018-04-25 10:26:31 UTC,47500.0,60,12.5
250143574,301740143645,2018-05-14 12:36:30 UTC,2018-11-12 12:06:09 UTC,179000.0,180,5.0
841630288,201500473,2015-02-18 08:50:29 UTC,2015-05-28 08:43:43 UTC,100000.0,90,6.25
630245458,302540105,2017-12-21 09:44:54 UTC,2018-03-08 10:04:15 UTC,49000.0,90,7.5
058667728,301760131904,2018-05-17 16:41:29 UTC,2018-08-09 16:53:15 UTC,49000.0,180,7.5
387053261,303087307,2018-04-19 10:50:45 UTC,2018-05-29 21:22:04 UTC,19500.0,90,12.5
062963330,301838409241,2018-06-02 06:21:49 UTC,2018-10-06 17:02:11 UTC,97500.0,180,5.0
426751809,201408313,2014-11-12 09:02:27 UTC,2015-04-30 15:19:02 UTC,50000.0,180,5.75
751873979,302862007,2018-03-02 09:05:40 UTC,2018-08-27 15:12:55 UTC,86000.0,180,7.5
095443307,302946849,2018-03-20 08:55:44 UTC,2018-05-02 09:29:19 UTC,34500.0,90,12.5
573398390,302167431857,2018-08-06 13:53:38 UTC,2018-10-04 09:54:39 UTC,34500.0,90,12.5
619588615,302513500280,2018-10-04 13:12:51 UTC,2018-11-02 05:49:09 UTC,34500.0,90,12.5
830562575,303034674,2018-04-08 14:01:11 UTC,2018-08-29 22:45:25 UTC,34500.0,90,12.5
433506528,302203566063,2018-08-13 10:39:28 UTC,2018-11-13 21:25:06 UTC,79000.0,180,7.5
164788443,302782724632,2018-11-18 14:39:28 UTC,2018-11-19 10:36:32 UTC,37500.0,90,7.5
612198446,801501025,2015-06-23 12:03:03 UTC,2016-01-21 00:05:25 UTC,150000.0,180,5.35
923300181,303146705,2018-04-30 16:49:29 UTC,2018-09-28 18:37:26 UTC,49500.0,180,7.5
128358355,302357864,2017-11-13 22:22:10 UTC,2018-02-12 12:40:06 UTC,57000.0,90,12.5
986997171,302343127,2017-11-10 15:24:06 UTC,2018-02-05 15:37:00 UTC,47500.0,90,9.649
928703899,302747213864,2018-11-14 14:01:12 UTC,2018-11-29 09:37:22 UTC,20000.0,90,7.5
615105333,302738453957,2018-11-10 16:35:05 UTC,2018-12-01 09:59:49 UTC,20000.0,30,12.5
GH03413402,100005935,2017-12-04 10:43:56 UTC,2017-12-15 15:22:07 UTC,80.0,15,15.0
GH03825373,100012495,2018-01-13 10:47:43 UTC,2018-02-13 13:46:22 UTC,80.0,15,15.0
191227944,302311346,2017-11-03 15:49:15 UTC,2018-06-01 16:53:38 UTC,7500.0,30,30.0
321402308,302472339,2017-12-06 11:31:17 UTC,2018-06-01 19:35:49 UTC,7500.0,30,30.0
272266067,302619585,2018-01-11 09:24:38 UTC,2018-02-01 17:28:09 UTC,7500.0,30,30.0
134762056,302551486,2017-12-24 09:01:21 UTC,2018-01-17 09:12:21 UTC,7500.0,30,30.0
375943543,302604271,2018-01-07 22:55:04 UTC,2018-02-03 09:42:48 UTC,7500.0,30,30.0
424736795,302560850,2017-12-27 13:17:34 UTC,2018-01-31 19:08:43 UTC,7500.0,30,30.0
551325110,302324942,2017-11-07 08:57:44 UTC,2017-12-07 08:26:33 UTC,7500.0,30,30.0
167042718,302009041116,2018-07-06 20:06:39 UTC,2018-08-06 19:34:47 UTC,7500.0,30,30.0
128591032,301992197941,2018-07-03 06:09:56 UTC,2018-10-02 00:50:39 UTC,30000.0,90,10.0
909613450,302864845,2018-03-02 15:44:25 UTC,2018-04-02 13:19:53 UTC,11000.0,60,20.0
491905395,302626921,2018-01-12 19:26:39 UTC,2018-01-23 07:55:49 UTC,9000.0,30,20.0
734712582,303176467,2018-05-06 08:07:00 UTC,2018-05-29 09:16:24 UTC,13000.0,30,15.0
037323176,801701202,2017-03-14 17:06:20 UTC,2017-10-12 09:34:53 UTC,80000.0,180,4.0
070434327,301764626,2016-11-25 14:41:18 UTC,2017-09-27 12:57:07 UTC,20000.0,30,9.0
505949528,301989225373,2018-07-02 13:56:25 UTC,2018-08-20 21:15:47 UTC,17000.0,60,20.0
226512964,PP2133451288,2018-07-31 09:06:59 UTC,2018-10-31 00:15:38 UTC,30000.0,90,6.0
861093808,301770435,2016-12-07 10:40:30 UTC,2016-12-24 07:51:55 UTC,20000.0,15,4.0
571968575,301792867732,2018-05-24 18:38:49 UTC,2018-09-28 17:41:32 UTC,12500.0,30,20.0
271785205,302685468,2018-01-24 22:49:57 UTC,2018-07-27 14:08:20 UTC,12500.0,30,20.0
124156531,302412086,2017-11-24 11:45:17 UTC,2018-01-12 22:33:45 UTC,12500.0,30,20.0
859557458,302462709,2017-12-06 09:18:16 UTC,2018-01-05 08:05:39 UTC,12500.0,30,20.0
996920680,301767369209,2018-05-18 20:30:40 UTC,2018-06-15 17:15:27 UTC,12500.0,30,20.0
733663368,302868393,2018-03-03 08:01:24 UTC,2018-04-04 17:22:31 UTC,12500.0,30,20.0
806132110,302896346,2018-03-10 08:30:46 UTC,2018-04-05 16:34:55 UTC,12500.0,30,20.0
940417580,302987382,2018-03-28 19:42:21 UTC,2018-06-05 12:17:35 UTC,12500.0,30,20.0
413084640,302764156,2018-02-11 11:41:52 UTC,2018-03-02 21:28:26 UTC,12500.0,30,20.0
809286762,301803693852,2018-05-26 21:35:18 UTC,2018-06-25 20:07:52 UTC,12500.0,30,20.0
561894355,302861898,2018-03-02 08:31:49 UTC,2018-04-03 13:45:09 UTC,12500.0,30,20.0
767676106,301761042859,2018-05-19 14:20:16 UTC,2018-06-18 00:46:41 UTC,12500.0,30,20.0
430781690,302095842089,2018-07-24 08:04:45 UTC,2018-10-12 11:13:25 UTC,12500.0,30,20.0
948412055,301724832901,2018-05-11 12:33:21 UTC,2018-07-05 15:35:23 UTC,12500.0,30,20.0
071972699,302687652,2018-01-25 12:25:48 UTC,2018-02-22 13:49:26 UTC,12500.0,30,20.0
518046595,302553091,2017-12-24 18:21:33 UTC,2018-01-23 15:33:29 UTC,12500.0,30,20.0
834334348,302506489113,2018-10-03 11:40:18 UTC,2018-10-30 10:56:11 UTC,12500.0,30,20.0
075096677,302668438901,2018-10-30 10:27:59 UTC,2018-12-04 19:13:59 UTC,12500.0,30,20.0
230275604,302355139126,2018-09-08 07:12:42 UTC,2018-11-01 02:12:08 UTC,12500.0,30,20.0
637897606,302672429,2018-01-22 18:43:27 UTC,2018-07-27 14:18:24 UTC,12500.0,30,20.0
795566762,302956635,2018-03-22 09:44:05 UTC,2018-07-27 09:56:21 UTC,12500.0,30,20.0
875094491,301653168,2016-07-15 16:15:15 UTC,2016-10-25 18:02:39 UTC,8000.0,30,0.0
098081843,301798189277,2018-05-25 13:19:16 UTC,2018-07-03 11:17:55 UTC,8000.0,30,30.0
189923905,303194414,2018-05-09 10:55:47 UTC,2018-06-26 18:13:25 UTC,8000.0,30,30.0
943215061,301739688018,2018-05-14 11:19:16 UTC,2018-09-28 18:03:43 UTC,20000.0,60,20.0
932659658,302539215,2017-12-21 04:57:55 UTC,2018-02-17 10:45:06 UTC,20000.0,60,20.0
892897074,301930647787,2018-06-19 23:02:10 UTC,2018-08-09 05:26:33 UTC,20000.0,60,20.0
393346444,302243426793,2018-08-20 12:54:53 UTC,2018-10-19 00:51:33 UTC,20000.0,60,20.0
902831439,302470784913,2018-09-27 10:59:13 UTC,2018-11-27 17:42:56 UTC,20000.0,60,20.0
381479671,303055506,2018-04-12 22:56:47 UTC,2018-05-02 15:55:25 UTC,20000.0,60,20.0
176458197,301879008841,2018-06-10 12:59:52 UTC,2018-06-27 10:40:52 UTC,20000.0,60,20.0
892020109,302246264184,2018-08-20 21:13:09 UTC,2018-10-19 00:51:34 UTC,20000.0,60,20.0
989777281,302079914,2017-09-06 11:41:10 UTC,2017-11-30 03:46:37 UTC,45000.0,60,10.0
606966291,301602383,2016-03-18 22:16:04 UTC,2016-09-23 08:26:39 UTC,5000.0,30,0.0
999302497,301630709,2016-06-10 09:31:02 UTC,2017-09-27 11:54:29 UTC,10000.0,30,0.0
395509961,302052829,2017-08-24 21:02:41 UTC,2018-02-28 22:07:47 UTC,10000.0,30,30.0
565085220,302138465,2017-09-22 15:47:13 UTC,2018-02-28 17:48:24 UTC,10000.0,30,30.0
812388032,302062190,2017-08-29 11:17:10 UTC,2018-02-28 22:13:27 UTC,10000.0,30,30.0
033537446,302501527,2017-12-12 18:04:16 UTC,2018-06-01 20:06:52 UTC,10000.0,30,30.0
091929424,302478831,2017-12-07 14:00:03 UTC,2018-06-01 19:49:06 UTC,10000.0,30,30.0
467341374,301650518,2016-07-12 19:59:33 UTC,2017-09-27 11:28:00 UTC,10000.0,30,0.0
630604011,301812527258,2018-05-29 10:32:09 UTC,2018-11-08 15:46:14 UTC,10000.0,30,30.0
599144175,301906442670,2018-06-14 14:30:54 UTC,2018-11-01 13:56:25 UTC,10000.0,30,30.0
126093366,301823403,2017-02-21 15:38:11 UTC,2017-03-28 14:50:46 UTC,10000.0,30,10.0
187472269,301985371173,2018-07-01 15:28:53 UTC,2018-08-15 01:58:26 UTC,10000.0,30,30.0
262235942,301963367,2017-07-05 00:58:21 UTC,2017-08-04 22:37:13 UTC,10000.0,30,30.0
392196953,302359699,2017-11-14 11:15:48 UTC,2017-11-30 11:05:42 UTC,10000.0,30,30.0
039899133,302080899604,2018-07-21 00:20:52 UTC,2018-08-13 10:26:22 UTC,10000.0,30,30.0
667462749,301847055,2017-03-26 18:29:30 UTC,2017-04-07 13:36:39 UTC,10000.0,30,10.0
168136780,302348321232,2018-09-06 22:22:20 UTC,2018-09-26 17:48:05 UTC,10000.0,30,30.0
767446859,302367266844,2018-09-10 12:50:36 UTC,2018-10-10 00:39:40 UTC,10000.0,30,30.0
461328498,302039669,2017-08-18 07:26:19 UTC,2017-11-06 23:22:00 UTC,10000.0,30,30.0
684302341,301612352,2016-04-19 12:20:27 UTC,2016-05-20 00:04:22 UTC,10000.0,30,0.0
638195431,302009237,2017-08-02 18:12:53 UTC,2017-09-29 22:59:18 UTC,10000.0,30,30.0
452546883,301607468,2016-04-04 13:27:38 UTC,2016-05-13 00:05:26 UTC,10000.0,30,0.0
861667114,302355144270,2018-09-08 03:13:38 UTC,2018-09-28 21:04:53 UTC,10000.0,30,30.0
645998652,301608588,2016-04-07 10:22:26 UTC,2016-05-10 00:04:24 UTC,10000.0,30,0.0
855759359,301909601,2017-05-16 14:12:27 UTC,2017-06-08 11:25:48 UTC,10000.0,30,30.0
417678070,302473452,2017-12-06 14:37:27 UTC,2018-01-05 02:26:57 UTC,10000.0,30,30.0
699852856,302438404168,2018-09-21 22:13:16 UTC,2018-10-15 12:06:53 UTC,10000.0,30,30.0
297464256,302542554568,2018-10-09 15:35:04 UTC,2018-11-07 09:58:18 UTC,10000.0,30,30.0
784431616,302050495,2017-08-23 16:38:53 UTC,2017-09-22 21:32:15 UTC,10000.0,30,30.0
358777398,301939327,2017-06-15 08:04:31 UTC,2017-07-26 21:12:20 UTC,10000.0,30,30.0
638103610,302155404,2017-09-27 14:19:20 UTC,2017-10-26 17:51:13 UTC,10000.0,30,30.0
856169824,302535683809,2018-10-09 18:41:09 UTC,2018-10-31 11:03:14 UTC,10000.0,30,30.0
932047310,301758309,2016-11-12 22:54:12 UTC,2016-12-13 00:48:25 UTC,10000.0,30,0.0
184773803,302406791816,2018-09-16 16:59:10 UTC,2018-11-11 01:36:11 UTC,10000.0,30,30.0
255951457,302198985958,2018-08-12 10:50:30 UTC,2018-11-28 11:31:46 UTC,10000.0,30,30.0
742675527,301627399,2016-06-02 19:01:11 UTC,2016-07-04 17:37:12 UTC,10000.0,30,0.0
808325311,302175100,2017-10-02 22:17:27 UTC,2017-11-01 23:09:21 UTC,10000.0,30,30.0
679183139,302061559852,2018-07-17 13:35:39 UTC,2018-08-09 09:39:36 UTC,10000.0,30,30.0
204390025,301795428,2017-01-18 01:17:22 UTC,2017-02-17 00:40:36 UTC,10000.0,30,10.0
596027307,301951509,2017-06-25 17:12:22 UTC,2017-08-18 20:54:37 UTC,10000.0,30,30.0
702051230,301631006,2016-06-10 19:47:48 UTC,2016-12-30 23:11:58 UTC,10000.0,30,0.0
000578081,302509948,2017-12-14 16:07:20 UTC,2018-01-15 12:12:55 UTC,10000.0,30,30.0
535486282,302061648049,2018-07-17 13:37:45 UTC,2018-08-16 19:36:11 UTC,10000.0,30,30.0
207389937,301897748,2017-05-09 16:29:05 UTC,2017-05-18 12:27:53 UTC,10000.0,30,30.0
901643030,302364611997,2018-09-10 08:45:52 UTC,2018-10-09 01:20:37 UTC,10000.0,30,30.0
996452759,301892117905,2018-06-12 17:54:32 UTC,2018-07-10 19:19:13 UTC,10000.0,30,30.0
237129307,302077848,2017-09-05 13:31:53 UTC,2017-10-05 04:33:32 UTC,10000.0,30,30.0
260862175,301949788,2017-06-23 22:08:04 UTC,2017-07-24 19:23:19 UTC,10000.0,30,30.0
155213230,302124333446,2018-07-29 20:49:50 UTC,2018-08-18 15:15:06 UTC,10000.0,30,30.0
516594246,302616590,2018-01-10 14:39:41 UTC,2018-01-29 15:38:17 UTC,10000.0,30,30.0
550190960,302226616,2017-10-16 12:59:34 UTC,2018-02-28 18:39:32 UTC,20000.0,30,30.0
123299950,302086821,2017-09-08 12:26:59 UTC,2017-11-08 07:55:33 UTC,20000.0,60,15.0
747367718,302491271,2017-12-10 14:08:13 UTC,2018-01-12 06:54:55 UTC,20000.0,60,15.0
592760940,302392323841,2018-09-14 12:24:26 UTC,2018-11-13 12:40:14 UTC,20000.0,60,15.0
890388785,301897059992,2018-06-13 09:56:27 UTC,2018-07-29 02:21:29 UTC,20000.0,60,15.0
800858483,302371977,2017-11-16 16:46:13 UTC,2018-02-03 15:49:55 UTC,20000.0,60,15.0
043244508,302537058,2017-12-20 14:40:10 UTC,2018-02-24 14:51:57 UTC,20000.0,60,15.0
153529781,302674779,2018-01-23 09:49:12 UTC,2018-07-27 11:50:06 UTC,40000.0,180,5.0
184459713,302970188,2018-03-25 13:51:31 UTC,2018-04-20 17:22:39 UTC,7000.0,30,20.0
016941453,302130403802,2018-07-30 16:42:42 UTC,2018-08-29 12:49:12 UTC,7000.0,30,20.0
363794440,302617789535,2018-10-21 19:21:05 UTC,2018-11-16 19:40:01 UTC,7000.0,30,20.0
220560261,303113311,2018-04-24 16:52:10 UTC,2018-05-24 00:46:13 UTC,7000.0,30,20.0
272990090,302704269,2018-01-30 11:37:58 UTC,2018-03-01 00:10:46 UTC,10000.0,30,20.0
572090306,302391636891,2018-09-14 10:45:46 UTC,2018-10-18 01:58:51 UTC,10000.0,30,20.0
510615742,302587923,2018-01-04 00:36:25 UTC,2018-01-31 17:59:53 UTC,10000.0,30,20.0
001796,101703858,2017-10-31 15:24:03 UTC,2018-09-06 18:25:56 UTC,60000.0,360,5.0
293572830,302285417,2017-10-28 20:22:18 UTC,2018-02-28 19:20:10 UTC,7000.0,15,15.0
718728659,301785164186,2018-05-22 19:23:23 UTC,2018-06-01 05:13:05 UTC,7000.0,15,15.0
420972664,302910573,2018-03-12 12:53:35 UTC,2018-03-31 09:07:51 UTC,7000.0,15,15.0
341301352,302508852,2017-12-14 10:01:57 UTC,2017-12-26 09:24:54 UTC,7000.0,15,15.0
536927253,302445382,2017-11-30 22:23:49 UTC,2017-12-07 16:31:00 UTC,7000.0,15,15.0
016346399,302598888,2018-01-06 15:26:36 UTC,2018-06-01 20:49:43 UTC,7000.0,15,15.0
362380934,301745041,2016-10-17 06:15:44 UTC,2017-09-27 08:57:45 UTC,10000.0,15,0.0
776191237,302130820,2017-09-22 11:14:15 UTC,2018-02-28 19:05:34 UTC,10000.0,15,15.0
183410471,302496112,2017-12-11 17:12:22 UTC,2018-06-01 18:34:34 UTC,10000.0,15,15.0
076755170,301979067,2017-07-15 12:21:49 UTC,2017-07-28 13:17:54 UTC,10000.0,15,15.0
641096856,302377602,2017-11-17 15:49:31 UTC,2017-12-04 02:24:32 UTC,10000.0,15,15.0
924721224,302666010,2018-01-21 13:35:45 UTC,2018-02-02 13:30:50 UTC,10000.0,15,15.0
961619961,301614721,2016-04-27 10:03:45 UTC,2016-09-15 10:43:00 UTC,10000.0,15,0.0
032237072,302491973,2017-12-11 17:30:38 UTC,2017-12-23 17:17:29 UTC,10000.0,15,15.0
844781425,302879724,2018-03-05 22:28:30 UTC,2018-03-19 13:30:13 UTC,10000.0,15,15.0
511379785,302830825,2018-02-24 16:13:14 UTC,2018-03-09 08:03:43 UTC,10000.0,15,15.0
009360750,302610516343,2018-10-20 10:23:04 UTC,2018-10-25 21:38:30 UTC,10000.0,15,15.0
237681543,302112214,2017-09-15 01:02:18 UTC,2017-10-01 21:11:10 UTC,10000.0,15,15.0
435875968,302662959,2018-01-20 13:26:50 UTC,2018-02-10 19:07:00 UTC,10000.0,15,15.0
850275524,303201044,2018-05-09 22:14:48 UTC,2018-05-24 18:48:31 UTC,10000.0,15,15.0
246486948,301814947,2017-02-12 18:33:38 UTC,2017-02-27 01:43:51 UTC,10000.0,15,5.0
345277451,302326897,2017-11-07 14:44:51 UTC,2017-11-17 09:25:15 UTC,10000.0,15,15.0
591966604,302424048,2017-11-27 15:32:52 UTC,2017-11-29 17:28:41 UTC,10000.0,15,15.0
678574497,301656286,2016-07-20 09:18:04 UTC,2016-08-09 16:26:10 UTC,10000.0,15,0.0
877912232,302008017,2017-08-02 06:52:24 UTC,2017-08-14 14:36:57 UTC,10000.0,15,15.0
345549694,302841534,2018-02-26 22:34:36 UTC,2018-03-12 22:33:35 UTC,10000.0,15,15.0
568375993,302375652,2017-11-17 10:53:50 UTC,2017-12-04 21:53:05 UTC,10000.0,15,15.0
380194444,302585579307,2018-10-16 15:11:36 UTC,2018-10-30 13:12:38 UTC,10000.0,15,15.0
244935378,302019437,2017-08-07 19:17:30 UTC,2017-08-20 20:05:21 UTC,10000.0,15,15.0
466556904,302383184,2017-11-18 20:09:44 UTC,2017-12-04 02:24:36 UTC,10000.0,15,15.0
803973855,302258689,2017-10-23 11:33:52 UTC,2017-11-01 21:46:30 UTC,10000.0,15,15.0
554935011,301961725,2017-07-03 18:24:00 UTC,2017-08-30 20:32:35 UTC,10000.0,15,15.0
501235459,301660413,2016-07-25 14:11:10 UTC,2016-08-09 18:49:16 UTC,10000.0,15,0.0
603647664,302125595,2017-09-18 19:40:32 UTC,2017-09-30 13:28:39 UTC,10000.0,15,15.0
883938617,302829398,2018-02-24 11:22:41 UTC,2018-04-29 11:49:09 UTC,10000.0,15,15.0
146768550,302111454,2017-09-15 07:57:19 UTC,2017-09-22 13:05:13 UTC,10000.0,15,15.0
704978528,302194732645,2018-08-11 10:50:05 UTC,2018-08-26 00:49:18 UTC,20000.0,15,15.0
551693749,302122244,2017-09-17 19:18:33 UTC,2017-10-13 06:43:38 UTC,12000.0,30,30.0
427462835,303119891,2018-04-26 03:44:51 UTC,2018-05-26 07:21:32 UTC,32000.0,90,12.5
903104078,301918633,2017-05-26 08:41:57 UTC,2017-06-20 09:52:00 UTC,40000.0,30,10.0
655903210,302020188,2017-08-08 08:49:37 UTC,2017-09-05 14:13:58 UTC,40000.0,30,10.0
519977494,302513643,2017-12-15 05:50:59 UTC,2018-06-01 20:26:25 UTC,15000.0,60,20.0
386885460,302622536,2018-01-11 20:10:01 UTC,2018-02-24 00:19:32 UTC,15000.0,60,20.0
335437621,302806664,2018-02-20 07:27:01 UTC,2018-03-19 11:21:01 UTC,15000.0,60,20.0
722163486,301975630441,2018-06-29 10:47:54 UTC,2018-08-17 21:50:39 UTC,15000.0,60,20.0
075437701,302601569,2018-01-07 06:41:02 UTC,2018-03-06 10:57:13 UTC,15000.0,60,20.0
004420,00430013030004420,2013-09-25 00:00:00 UTC,2014-07-15 11:23:53 UTC,60000.0,360,4.0
338592918,101600912,2016-03-15 17:02:58 UTC,2017-05-18 01:19:31 UTC,90000.0,360,5.0
927033895,302710066,2018-01-30 11:20:05 UTC,2018-03-03 19:34:02 UTC,8500.0,30,30.0
206779954,303125102,2018-04-27 20:20:30 UTC,2018-06-27 16:36:13 UTC,42000.0,90,10.0
043527523,301802586142,2018-05-26 09:49:04 UTC,2018-06-14 14:17:09 UTC,11000.0,30,15.0
002265,00430013010002265,2013-04-09 00:00:00 UTC,2014-03-31 00:00:00 UTC,200000.0,180,5.0
182160292,302227429,2017-10-16 10:41:51 UTC,2017-11-13 09:43:52 UTC,12500.0,30,30.0
703714373,302170771,2017-10-01 14:51:17 UTC,2017-11-01 23:22:47 UTC,12500.0,30,30.0
679421083,302274694,2017-10-26 14:54:39 UTC,2017-12-07 02:00:29 UTC,12500.0,30,30.0
631113463,302175750298,2018-08-07 22:06:34 UTC,2018-09-09 21:11:43 UTC,25000.0,60,15.0
096159674,302411243922,2018-09-17 15:15:36 UTC,2018-09-28 23:00:20 UTC,25000.0,60,15.0
685119764,302646948,2018-01-17 14:01:20 UTC,2018-03-15 10:14:37 UTC,25000.0,60,15.0
591980288,303162683,2018-05-03 14:09:30 UTC,2018-05-12 19:30:53 UTC,25000.0,60,15.0
596770724,302304909237,2018-08-30 18:06:47 UTC,2018-10-22 09:34:32 UTC,25000.0,60,15.0
159245206,303151508,2018-05-01 14:42:24 UTC,2018-05-17 14:07:23 UTC,100000.0,180,5.0
221848160,302829246,2018-02-24 10:07:42 UTC,2018-04-25 17:55:20 UTC,22500.0,60,20.0
181857592,302649502259,2018-10-26 22:12:02 UTC,2018-11-21 11:21:07 UTC,7000.0,30,30.0
347566972,302715336,2018-01-31 16:15:39 UTC,2018-03-18 10:27:41 UTC,7000.0,30,30.0
991709419,302487342559,2018-09-29 22:34:16 UTC,2018-11-13 15:21:20 UTC,7000.0,30,30.0
301767152,302432988663,2018-09-21 07:02:43 UTC,2018-10-15 20:06:10 UTC,7000.0,30,30.0
767364610,303196575,2018-05-09 12:51:54 UTC,2018-06-05 17:06:08 UTC,9000.0,30,30.0
234590321,301969422,2017-07-08 16:10:22 UTC,2017-07-30 15:39:32 UTC,20000.0,30,22.5
700957387,302159608,2017-09-28 16:37:05 UTC,2017-12-07 13:17:40 UTC,20000.0,90,7.5
493364633,302054497,2017-08-25 13:29:46 UTC,2017-09-11 01:03:15 UTC,20000.0,30,22.5
701928070,301716283,2016-09-15 15:33:09 UTC,2016-10-11 22:41:52 UTC,20000.0,30,0.0
508796720,302242053,2017-10-19 14:36:08 UTC,2018-01-12 12:30:37 UTC,20000.0,90,7.5
792112496,301751729,2016-10-29 21:50:54 UTC,2016-11-24 12:43:30 UTC,20000.0,30,0.0
110371523,302057094,2017-08-26 22:16:15 UTC,2018-02-28 22:12:56 UTC,20000.0,30,22.5
358502434,302123265,2017-09-18 08:24:27 UTC,2017-10-05 07:22:49 UTC,40000.0,90,7.5
695352155,301847057891,2018-06-04 08:43:05 UTC,2018-11-01 14:43:22 UTC,11000.0,30,30.0
187080907,303014093,2018-04-04 08:00:28 UTC,2018-08-29 22:13:00 UTC,22000.0,60,15.0
343453014,302541266832,2018-10-09 11:16:14 UTC,2018-10-13 11:55:40 UTC,1500.0,15,15.0
846513877,DYA934688556,2016-10-16 10:17:49 UTC,2017-11-07 15:06:47 UTC,3000.0,30,15.0
834620713,DYA281743408,2016-10-15 18:43:34 UTC,2017-11-07 17:18:41 UTC,3000.0,30,15.0
286554713,DYA320737130,2016-10-15 19:13:03 UTC,2017-11-07 20:45:45 UTC,3000.0,30,15.0
972123378,DYA555578536,2016-10-16 15:20:26 UTC,2017-11-07 15:26:52 UTC,3000.0,30,15.0
466721528,DYA935496668,2016-10-16 19:48:09 UTC,2017-11-07 15:29:21 UTC,3000.0,30,15.0
413896893,DYA977325782,2016-10-15 04:13:24 UTC,2017-11-07 17:29:46 UTC,3000.0,30,15.0
793374654,DYA449197969,2016-10-14 16:53:33 UTC,2016-11-17 14:48:31 UTC,3000.0,30,15.0
493253917,DYA233525619,2016-10-17 14:47:37 UTC,2016-12-07 23:41:13 UTC,3000.0,30,15.0
492614487,DYA802568398,2016-10-15 17:29:33 UTC,2017-04-13 14:47:51 UTC,3000.0,30,15.0
912722113,DYA428377894,2016-10-17 21:13:56 UTC,2017-11-07 14:48:22 UTC,3000.0,30,15.0
454663274,DYA548011150,2016-10-14 17:09:46 UTC,2017-11-07 21:07:06 UTC,3000.0,30,15.0
463673960,DYA901452341,2016-10-14 16:43:59 UTC,2017-11-07 21:01:35 UTC,3000.0,30,15.0
290960360,DYA127266642,2016-10-17 21:54:21 UTC,2017-11-07 14:48:38 UTC,3000.0,30,15.0
205812445,303073777,2018-04-16 17:40:48 UTC,2018-06-01 04:22:05 UTC,12000.0,30,15.0
999504110,302647795,2018-01-17 16:31:22 UTC,2018-02-02 17:02:57 UTC,12000.0,15,15.0
693847919,DYA892050044,2016-10-17 20:06:55 UTC,2017-11-07 14:07:03 UTC,1000.0,30,15.0
338434060,DYA952772472,2016-10-15 18:23:44 UTC,2017-11-07 16:24:44 UTC,1000.0,30,15.0
589735971,302653557447,2018-10-27 13:09:11 UTC,2018-11-12 19:48:37 UTC,8000.0,15,15.0
387109767,301796523,2017-01-19 08:41:51 UTC,2018-07-03 13:26:34 UTC,30000.0,60,8.0
561429678,301888742,2017-05-03 19:26:04 UTC,2017-06-23 11:19:48 UTC,30000.0,60,8.0
943400514,302221663166,2018-08-16 10:31:28 UTC,2018-09-13 17:13:16 UTC,10000.0,30,12.5
099120540,302713399,2018-01-31 09:31:51 UTC,2018-03-02 09:57:11 UTC,20000.0,30,12.5
668112254,301962022007,2018-06-26 19:15:32 UTC,2018-07-30 19:36:11 UTC,20000.0,30,12.5
507072506,302310517459,2018-08-31 17:19:47 UTC,2018-09-30 00:39:43 UTC,20000.0,30,12.5
113658731,302405603124,2018-09-16 13:15:08 UTC,2018-10-23 19:13:54 UTC,20000.0,30,12.5
343636994,302088674784,2018-07-22 10:20:10 UTC,2018-10-02 17:42:52 UTC,49000.0,90,7.5
202324389,302117885831,2018-07-27 17:43:59 UTC,2018-11-30 13:06:03 UTC,36500.0,90,10.0
435679054,303007706,2018-04-02 20:24:22 UTC,2018-06-12 09:15:59 UTC,37500.0,90,12.5
129281494,302966251,2018-03-24 11:56:37 UTC,2018-06-23 00:36:47 UTC,37500.0,90,12.5
330096259,303188360,2018-05-08 14:24:35 UTC,2018-07-25 21:01:42 UTC,29500.0,90,12.5
929011223,303045146,2018-04-10 18:40:45 UTC,2018-07-23 16:28:00 UTC,79500.0,180,5.0
475356918,302893027,2018-03-08 13:52:54 UTC,2018-09-25 10:04:25 UTC,51500.0,180,5.0
006013,00430013010006013,2013-12-16 00:00:00 UTC,2014-06-06 14:00:29 UTC,50000.0,180,5.75
273062167,303017475,2018-04-04 19:18:58 UTC,2018-11-30 14:47:38 UTC,47000.0,180,7.5
811648506,801603119,2016-10-12 16:47:51 UTC,2017-11-06 16:25:19 UTC,50000.0,180,4.5
698866464,302060709,2017-08-28 21:43:03 UTC,2018-02-28 18:49:14 UTC,12500.0,15,15.0
976937872,302435962,2017-11-29 11:08:09 UTC,2017-12-14 14:42:16 UTC,12500.0,15,15.0
439257196,302457456,2017-12-04 13:00:40 UTC,2017-12-10 16:36:46 UTC,12500.0,15,15.0
529499214,302347791,2017-11-11 16:11:25 UTC,2017-11-28 12:37:59 UTC,12500.0,15,15.0
669525988,303077933,2018-04-17 14:28:11 UTC,2018-05-02 14:20:12 UTC,12500.0,15,15.0
006099,00430013030006099,2013-12-19 00:00:00 UTC,2015-10-24 00:03:55 UTC,150000.0,360,4.0
651770752,163,2014-01-31 00:00:00 UTC,2015-10-26 00:04:01 UTC,150000.0,360,4.0
234734074,302731234,2018-02-04 00:58:26 UTC,2018-02-28 08:12:22 UTC,30000.0,60,12.5
731257901,302071054329,2018-07-19 12:56:44 UTC,2018-08-27 16:59:53 UTC,30000.0,60,12.5
112334435,302161627564,2018-08-05 08:02:47 UTC,2018-08-30 15:05:33 UTC,30000.0,60,12.5
302941587,303098330,2018-04-21 11:46:24 UTC,2018-06-22 04:45:57 UTC,30000.0,60,12.5
697604457,302903094,2018-03-10 17:56:07 UTC,2018-03-13 08:46:34 UTC,9500.0,15,15.0
789561782,302163286807,2018-08-05 16:54:33 UTC,2018-11-10 14:05:12 UTC,55500.0,180,5.0
216393190,303024211,2018-04-06 08:05:35 UTC,2018-06-06 00:38:50 UTC,25000.0,60,12.5
909949280,301833209032,2018-06-01 07:09:24 UTC,2018-08-28 04:51:26 UTC,22000.0,90,12.5
134807381,301810418670,2018-05-28 10:05:31 UTC,2018-06-21 10:53:57 UTC,22500.0,90,10.0
917186317,302012660,2017-08-04 13:15:22 UTC,2017-09-02 11:42:22 UTC,50000.0,30,5.0
001345575,801703498,2017-06-15 17:09:48 UTC,2018-01-11 13:50:29 UTC,150000.0,180,4.0
561173323,301895281,2017-05-08 11:20:49 UTC,2017-06-01 23:14:16 UTC,10000.0,15,11.25
297274908,301684556,2016-08-17 15:15:46 UTC,2016-08-25 14:25:32 UTC,10000.0,15,0.0
730236063,301980037,2017-07-16 08:28:10 UTC,2017-08-02 20:25:19 UTC,20000.0,15,11.25
004251450,303103653,2018-04-22 20:07:33 UTC,2018-06-04 09:03:27 UTC,42000.0,180,7.5
164379495,303159475,2018-05-02 20:43:56 UTC,2018-08-20 20:29:14 UTC,39000.0,180,5.0
058177753,302860019,2018-03-01 20:07:53 UTC,2018-07-27 12:09:26 UTC,7500.0,15,15.0
308311900,302748023,2018-02-07 20:29:06 UTC,2018-07-27 14:11:34 UTC,7500.0,15,15.0
053437018,302244478,2017-10-22 19:27:29 UTC,2018-02-28 19:35:19 UTC,7500.0,15,15.0
888445107,302188980,2017-10-06 08:49:07 UTC,2017-10-23 05:14:20 UTC,7500.0,15,15.0
073020272,302519984,2017-12-16 11:37:30 UTC,2017-12-24 20:38:27 UTC,7500.0,15,15.0
470769585,303037053,2018-04-09 08:07:30 UTC,2018-09-21 11:29:27 UTC,7500.0,15,15.0
281107467,302340975,2017-11-10 09:15:06 UTC,2018-01-23 07:44:42 UTC,7500.0,15,15.0
847550886,302627577,2018-01-12 23:44:40 UTC,2018-01-15 07:53:32 UTC,7500.0,15,15.0
571229573,302811853,2018-02-21 11:37:17 UTC,2018-03-04 05:46:34 UTC,7500.0,15,15.0
445012926,302295266,2017-10-31 11:28:57 UTC,2017-11-14 12:58:25 UTC,7500.0,15,15.0
472696291,302995575,2018-03-30 14:17:58 UTC,2018-06-22 02:35:04 UTC,7500.0,15,15.0
569203678,302156799,2017-09-27 20:53:03 UTC,2017-10-05 23:05:03 UTC,7500.0,15,15.0
183187160,302198626,2017-10-09 09:05:06 UTC,2018-02-28 20:19:57 UTC,7500.0,15,15.0
747429240,302494997,2017-12-11 17:10:10 UTC,2018-06-01 20:03:09 UTC,15000.0,30,15.0
254885763,302957615,2018-03-22 13:03:56 UTC,2018-04-06 08:07:53 UTC,15000.0,30,15.0
448948973,302535576995,2018-10-10 08:21:56 UTC,2018-10-21 12:38:11 UTC,15000.0,30,15.0
756314697,302471521713,2018-09-27 13:14:02 UTC,2018-10-12 15:27:42 UTC,15000.0,30,15.0
013796430,302462467,2017-12-04 15:32:16 UTC,2017-12-29 06:22:03 UTC,15000.0,30,15.0
002402185,302801739,2018-02-21 12:21:41 UTC,2018-03-06 13:28:54 UTC,15000.0,15,15.0
609558845,302636847709,2018-10-24 21:11:20 UTC,2018-11-30 07:03:38 UTC,15000.0,30,15.0
145774508,301890736647,2018-06-12 14:55:52 UTC,2018-07-11 15:15:34 UTC,15000.0,30,15.0
908183740,302385569,2017-11-20 18:33:29 UTC,2017-12-05 12:20:14 UTC,15000.0,15,15.0
940559307,302363522,2017-11-15 06:18:47 UTC,2017-11-30 12:26:44 UTC,15000.0,15,15.0
829996668,301799891353,2018-05-25 17:31:22 UTC,2018-06-23 03:43:53 UTC,15000.0,30,15.0
680056167,301996093819,2018-07-03 19:40:40 UTC,2018-07-19 07:26:06 UTC,15000.0,30,15.0
020394246,302611268268,2018-10-20 21:28:40 UTC,2018-11-04 17:17:26 UTC,15000.0,30,15.0
619278955,301758912,2016-11-14 18:03:08 UTC,2016-11-23 15:19:50 UTC,30000.0,30,0.0
651415731,301997422,2017-07-26 17:24:46 UTC,2017-08-18 14:29:14 UTC,30000.0,30,15.0
734802689,301957925,2017-06-30 15:47:39 UTC,2017-07-31 21:16:56 UTC,30000.0,30,15.0
132745765,302362870,2017-11-14 21:47:47 UTC,2017-12-01 09:57:46 UTC,16500.0,60,15.0
067349126,302249457,2017-10-20 20:43:02 UTC,2017-11-22 20:23:48 UTC,16500.0,60,15.0
422571910,302391702,2017-11-20 18:19:36 UTC,2017-11-28 10:29:35 UTC,32500.0,180,7.5
037243628,301845469477,2018-06-03 18:44:57 UTC,2018-09-03 14:00:09 UTC,35000.0,90,12.5
627238395,301935989863,2018-06-21 06:24:03 UTC,2018-07-18 20:54:49 UTC,34500.0,90,12.5
372443173,302468240,2017-12-05 15:23:11 UTC,2018-06-01 22:08:50 UTC,26500.0,90,12.5
647703410,303027545,2018-04-06 17:59:27 UTC,2018-05-19 21:09:46 UTC,42000.0,90,12.5
038405930,303105872,2018-04-23 11:59:41 UTC,2018-06-02 06:40:23 UTC,86000.0,180,7.5
907067134,302886423,2018-03-08 02:40:42 UTC,2018-04-02 00:23:47 UTC,15000.0,30,12.5
421717577,301948690949,2018-06-23 16:49:17 UTC,2018-08-18 00:31:00 UTC,90000.0,180,7.5
192532493,302220679,2017-10-14 10:42:47 UTC,2018-02-21 19:13:29 UTC,100000.0,90,12.5
791903036,302588032619,2018-10-16 22:46:29 UTC,2018-11-06 19:29:42 UTC,37500.0,90,12.5
868558273,302366870290,2018-09-10 11:34:39 UTC,2018-10-22 18:49:40 UTC,37500.0,90,12.5
450926499,801702525,2017-05-11 17:02:14 UTC,2018-01-02 00:09:51 UTC,50000.0,180,4.0
001571,101500896,2015-05-06 14:07:45 UTC,2016-06-09 00:01:13 UTC,70000.0,360,4.0
003749,00430013030003749,2013-08-01 00:00:00 UTC,2014-09-25 17:29:25 UTC,70000.0,360,4.0
904160487,101703662,2017-10-24 14:06:40 UTC,2018-09-06 18:09:25 UTC,160000.0,360,5.0
188035530,302361790975,2018-09-09 11:27:24 UTC,2018-09-15 12:48:17 UTC,66500.0,90,10.0
643758374,301936601739,2018-06-21 09:11:06 UTC,2018-11-20 18:18:48 UTC,47500.0,180,5.0
824839759,DYA374331290,2016-10-14 16:26:14 UTC,2017-11-07 22:34:57 UTC,3000.0,30,15.0
504184010,302293661120,2018-08-29 10:08:35 UTC,2018-10-02 18:24:36 UTC,101000.0,180,5.0
381439803,201605141,2016-06-15 09:03:50 UTC,2017-02-04 00:10:17 UTC,80000.0,180,6.25
763471410,302587065522,2018-10-16 19:12:17 UTC,2018-11-27 09:42:42 UTC,40000.0,90,12.083
169212237,301873723613,2018-06-09 07:18:52 UTC,2018-08-09 21:35:32 UTC,45500.0,180,7.5
110535570,302400999918,2018-09-18 09:48:01 UTC,2018-09-29 14:10:47 UTC,75500.0,180,7.5
298188937,302971925,2018-03-25 23:06:06 UTC,2018-05-28 06:46:40 UTC,49000.0,180,5.0
822990930,101601180,2016-04-01 17:03:40 UTC,2017-07-04 04:28:56 UTC,100000.0,360,5.0
848088786,101501663,2015-09-11 14:31:47 UTC,2017-05-19 17:35:58 UTC,100000.0,360,5.0
005108,101602197,2016-06-23 16:36:11 UTC,2017-11-07 00:12:11 UTC,100000.0,360,5.0
781247486,101702691,2017-08-22 18:00:00 UTC,2018-09-06 16:21:24 UTC,50000.0,360,5.0
372798563,101703090,2017-09-14 10:16:31 UTC,2018-09-06 17:07:46 UTC,170000.0,360,5.0
004220,201400538,2014-02-19 00:00:00 UTC,2014-09-03 00:00:40 UTC,400000.0,180,5.0
